Year,Annual_Mean_Temp,Temp_Anomaly,City
1951,24.584013677671233,-0.20353917936115806,Bengaluru
1952,24.697158510997266,-0.09039434603512575,Bengaluru
1953,24.519068508876714,-0.26848434815567757,Bengaluru
1954,24.319246518232877,-0.4683063387995148,Bengaluru
1955,24.063794463972606,-0.7237583930597857,Bengaluru
1956,23.978306016120218,-0.8092468409121736,Bengaluru
1957,24.412794494575344,-0.3747583624570474,Bengaluru
1958,24.625342493315067,-0.16221036371732467,Bengaluru
1959,24.640835610479453,-0.14671724655293872,Bengaluru
1960,24.438005479945353,-0.3495473770870383,Bengaluru
1961,24.577630150136983,-0.2099227068954086,Bengaluru
1962,24.361205477150683,-0.4263473798817081,Bengaluru
1963,24.45558904361644,-0.33196381341595327,Bengaluru
1964,24.616448055737703,-0.17110480129468897,Bengaluru
1965,24.757931539465755,-0.029621317566636662,Bengaluru
1966,24.95791778171233,0.17036492467993725,Bengaluru
1967,24.260808210630138,-0.5267446464022534,Bengaluru
1968,24.49422127803279,-0.29333157899960227,Bengaluru
1969,24.825767150054794,0.03821429302240276,Bengaluru
1970,24.461438373712326,-0.3261144833200653,Bengaluru
1971,24.13217809239726,-0.6553747646351304,Bengaluru
1972,24.650478142882516,-0.13707471414987538,Bengaluru
1973,24.714479429424657,-0.07307342760773494,Bengaluru
1974,24.480739747739726,-0.3068131092926656,Bengaluru
1975,24.229054816739726,-0.5584980402926654,Bengaluru
1976,24.342622996693986,-0.4449298603384051,Bengaluru
1977,24.436862967780822,-0.3506898892515693,Bengaluru
1978,24.53900001612329,-0.24855284090910246,Bengaluru
1979,24.866342456849317,0.07878959981692546,Bengaluru
1980,24.872800581967216,0.08524772493482402,Bengaluru
1981,24.664917824561645,-0.12263503247074681,Bengaluru
1982,24.96643835590411,0.17888549887171834,Bengaluru
1983,25.028123267876715,0.24057041084432385,Bengaluru
1984,24.535792363811474,-0.2517604932209174,Bengaluru
1985,24.84275343391781,0.055200576885418684,Bengaluru
1986,24.937780832232875,0.15022797520048314,Bengaluru
1987,25.00164382889041,0.21409097185801684,Bengaluru
1988,24.904166642445354,0.1166137854129623,Bengaluru
1989,24.729931511301373,-0.05762134573101818,Bengaluru
1990,24.846958898369863,0.059406041337471294,Bengaluru
1991,24.859013664479452,0.0714608074470604,Bengaluru
1992,24.640300535655737,-0.147252321376655,Bengaluru
1993,24.751054772726025,-0.03649808430636625,Bengaluru
1994,24.68808216709589,-0.09947068993650277,Bengaluru
1995,24.776589033041095,-0.010963823991296806,Bengaluru
1996,24.506161228565574,-0.2813916284668174,Bengaluru
1997,25.085301408479452,0.2977485514470608,Bengaluru
1998,25.396835647178083,0.6092827901456914,Bengaluru
1999,24.788917739753423,0.0013648827210310799,Bengaluru
2000,24.682827894836063,-0.10472496219632887,Bengaluru
2001,24.997150687602737,0.20959783057034542,Bengaluru
2002,25.1256027389863,0.33804988195390706,Bengaluru
2003,25.72834244419178,0.9407895871593901,Bengaluru
2004,24.68698089736339,-0.10057195966900068,Bengaluru
2005,24.933547923945202,0.1459950669128105,Bengaluru
2006,24.868616456739723,0.08106359970733124,Bengaluru
2007,24.583150733054797,-0.20440212397759439,Bengaluru
2008,24.470095637076504,-0.3174572199558874,Bengaluru
2009,24.950684926068494,0.16313206903610222,Bengaluru
2010,25.08578077857534,0.2982279215429493,Bengaluru
2011,24.559328765219178,-0.2282240918132139,Bengaluru
2012,25.011625717281422,0.22407286024903073,Bengaluru
2013,24.897465754041097,0.1099128970087051,Bengaluru
2014,25.108950229479454,0.3213973724470627,Bengaluru
2015,25.151372354438355,0.363819497405963,Bengaluru
2016,25.546333163101096,0.7587803060687044,Bengaluru
2017,25.472583073136985,0.6850302161045931,Bengaluru
2018,25.124242433931506,0.33668957689911494,Bengaluru
2019,25.591829231986303,0.8042763749539112,Bengaluru
2020,25.277767250382514,0.4902143933501222,Bengaluru
2021,24.64739726027397,-0.14015559675842226,Bengaluru
2022,24.423214285714284,-0.36433857131810754,Bengaluru
2023,25.168421052631576,0.3808681955991844,Bengaluru
2024,26.922754491017965,2.1352016339855737,Bengaluru
1951,28.59386299071233,-0.24169011738914037,Chennai
1952,28.734918036748635,-0.100635071352837,Chennai
1953,28.5403287469726,-0.29522436112887007,Chennai
1954,28.293917768136986,-0.5416353399644862,Chennai
1955,28.069410924972605,-0.7661421831288671,Chennai
1956,28.03587432769126,-0.7996787804102112,Chennai
1957,28.30131498105479,-0.5342381270466809,Chennai
1958,28.801547959904113,-0.03400514819735889,Chennai
1959,28.511958939863018,-0.3235941682384542,Chennai
1960,28.24717212375683,-0.5883809843446421,Chennai
1961,28.404520586178084,-0.43103252192338815,Chennai
1962,28.122232813260272,-0.7133202948411999,Chennai
1963,28.23019176646575,-0.6053613416357209,Chennai
1964,28.547062785191258,-0.2884903229102136,Chennai
1965,28.5482328909589,-0.2873202171425717,Chennai
1966,28.76736986857534,-0.0681832395261317,Chennai
1967,28.122876674095888,-0.7126764340055836,Chennai
1968,28.61923493446721,-0.2163181736342601,Chennai
1969,28.806027411054792,-0.02952569704667951,Chennai
1970,28.30089039482192,-0.5346627132795518,Chennai
1971,28.189424627027396,-0.6461284810740757,Chennai
1972,28.702008171721314,-0.13354493638015796,Chennai
1973,28.93105479990411,0.09550169180263879,Chennai
1974,28.33358907030137,-0.5019640378001,Chennai
1975,28.447232865547946,-0.38832024255352593,Chennai
1976,28.514822417882513,-0.3207306902189586,Chennai
1977,28.594438299342468,-0.24111480875900426,Chennai
1978,28.71606852130137,-0.11948458680010177,Chennai
1979,29.033287657164383,0.1977345490629112,Chennai
1980,29.067226769385247,0.2316736612837751,Chennai
1981,28.73663010538356,-0.09892300271791044,Chennai
1982,29.004315041876712,0.16876193377524018,Chennai
1983,29.013342476013698,0.17778936791222577,Chennai
1984,28.62378415102459,-0.21176895707688104,Chennai
1985,28.62060273047945,-0.21495037762202074,Chennai
1986,29.020821976342468,0.1852688682409962,Chennai
1987,29.150246573,0.3146934648985287,Chennai
1988,28.903934442308742,0.06838133420727033,Chennai
1989,28.625986254520548,-0.20956685358092386,Chennai
1990,28.75656163991781,-0.07899146818366276,Chennai
1991,28.883890428835617,0.048337320734145095,Chennai
1992,28.8341256738388,-0.0014274342626734438,Chennai
1993,28.730547965246576,-0.10500514285489615,Chennai
1994,28.741493185931507,-0.09405992216996495,Chennai
1995,28.706452037972603,-0.1291010701288684,Chennai
1996,28.528210402759562,-0.30734270534190955,Chennai
1997,28.830917807835615,-0.004635300265857012,Chennai
1998,29.421260248465753,0.5857071403642813,Chennai
1999,28.727739744260273,-0.1078133638411991,Chennai
2000,28.52528690374317,-0.3102662043583031,Chennai
2001,29.00816441110959,0.172611303008118,Chennai
2002,29.19995888210959,0.36440577400811947,Chennai
2003,29.423493210068493,0.5879401019670212,Chennai
2004,28.80562839103825,-0.02992471706322064,Chennai
2005,29.238342428739728,0.4027893206382558,Chennai
2006,29.044945217863013,0.20939210976154143,Chennai
2007,28.806616419945204,-0.02893668815626782,Chennai
2008,28.928620213333335,0.09306710523186368,Chennai
2009,29.21905473428767,0.38350162618619876,Chennai
2010,29.007821908753424,0.1722688006519526,Chennai
2011,28.936931510698628,0.10137840259715603,Chennai
2012,29.43494536692623,0.5993922588247571,Chennai
2013,29.131534270849315,0.29598116274784303,Chennai
2014,29.17863588469863,0.34308277659715714,Chennai
2015,29.247520433780824,0.41196732567935257,Chennai
2016,29.64963990362022,0.8140867955187474,Chennai
2017,29.52659942142466,0.6910463133231879,Chennai
2018,29.3262450230274,0.4906919149259288,Chennai
2019,29.66183843680441,0.8262853287029372,Chennai
2020,29.125341209740437,0.2897881016389654,Chennai
2021,29.523870056497177,0.6883169483957055,Chennai
2022,29.4983286908078,0.6627755827063275,Chennai
2023,29.668627450980395,0.8330743428789233,Chennai
2024,29.723976608187137,0.8884235000856648,Chennai
1951,25.34593155163151,0.3300762326753599,Delhi
1952,25.403169400662566,0.38731408170641757,Delhi
1953,25.647356176371236,0.6315008574150873,Delhi
1954,25.032342460365754,0.0164871414096055,Delhi
1955,24.87061638770411,-0.14523893125203813,Delhi
1956,25.09226775637022,0.07641243741407067,Delhi
1957,24.54884931041233,-0.46700600854381946,Delhi
1958,25.688739733543834,0.6728844145876849,Delhi
1959,25.20391783253562,0.1880625135794709,Delhi
1960,25.097021837782787,0.08116651882663817,Delhi
1961,24.547246546217806,-0.46860877273834234,Delhi
1962,24.84971233137534,-0.16614298758080892,Delhi
1963,24.968287701790413,-0.04756761716573621,Delhi
1964,24.73898905123497,-0.2768662677211786,Delhi
1965,24.921904157167123,-0.0939511617890254,Delhi
1966,25.131041055673972,0.11518573671782306,Delhi
1967,24.540780835863014,-0.4750744830931346,Delhi
1968,24.468087417592894,-0.5477679013632546,Delhi
1969,25.11001370273699,0.09415838378084018,Delhi
1970,24.743643836120548,-0.27221148283560126,Delhi
1971,24.186684941928764,-0.8291703770273848,Delhi
1972,24.836994502351093,-0.17886081660505582,Delhi
1973,24.922972596430135,-0.0928827225260136,Delhi
1974,24.89731507799315,-0.11854024096300009,Delhi
1975,24.228876737217806,-0.7869785817383423,Delhi
1976,24.48288247556011,-0.5329728433960383,Delhi
1977,24.687479439534247,-0.32837587942190183,Delhi
1978,24.56117808658767,-0.45467723236847846,Delhi
1979,25.08641093937534,0.07055562041919217,Delhi
1980,25.173087399043716,0.15723208008756728,Delhi
1981,24.834068494343835,-0.18178682461231332,Delhi
1982,24.283917801263012,-0.7319375176931366,Delhi
1983,23.857246567034245,-1.1586087519219035,Delhi
1984,24.67647539961885,-0.33937991933729705,Delhi
1985,24.998780781573974,-0.017074537382175237,Delhi
1986,24.60190413868082,-0.41395118027532973,Delhi
1987,25.8455205415,0.8296652225438521,Delhi
1988,25.31144806872541,0.29559274976926275,Delhi
1989,24.556890398313698,-0.4589649206424511,Delhi
1990,24.743342444816438,-0.2725128741397107,Delhi
1991,25.05647945349315,0.04062413453700131,Delhi
1992,24.63387976846585,-0.3819755504902993,Delhi
1993,25.131589034501367,0.11573371554521827,Delhi
1994,25.090506809072604,0.07465149011645522,Delhi
1995,25.006136950864384,-0.009718368091764518,Delhi
1996,24.6723633851612,-0.34349193379494736,Delhi
1997,23.89294521912055,-1.1229100998356003,Delhi
1998,25.081493147119176,0.06563782816302677,Delhi
1999,25.411246572757538,0.39539125380138884,Delhi
2000,24.96851096580191,-0.04734435315423724,Delhi
2001,24.979438368939725,-0.036416950016423755,Delhi
2002,25.68149312871644,0.6656378097602911,Delhi
2003,24.677753431586304,-0.33810188736984514,Delhi
2004,25.236311457200824,0.2204561382446748,Delhi
2005,24.82217811059726,-0.19367720835888846,Delhi
2006,25.504205546356165,0.48835022740001577,Delhi
2007,24.96632874592466,-0.04952657303148911,Delhi
2008,24.802376981846997,-0.21347833710915154,Delhi
2009,25.602178073354796,0.5863227543986476,Delhi
2010,25.515137031780824,0.4992817128246756,Delhi
2011,24.79127398420137,-0.22458133475477737,Delhi
2012,24.918442609474045,-0.09741270948210357,Delhi
2013,24.79331512799452,-0.22254019096162736,Delhi
2014,24.815013940735618,-0.20084137822053094,Delhi
2015,25.080231648143837,0.06437632918768799,Delhi
2016,25.76927868582377,0.7534233668676222,Delhi
2017,25.441952707023287,0.4260973880671379,Delhi
2018,25.21343198839178,0.19757666943563024,Delhi
2019,24.82746308448352,-0.1883922344726301,Delhi
2020,24.5812989224959,-0.43455639646024835,Delhi
2021,25.082465753424657,0.06661043446850812,Delhi
2022,25.50917808219178,0.49332276323563207,Delhi
2023,25.750895522388056,0.7350402034319075,Delhi
2024,29.143103448275863,4.127248129319714,Delhi
1951,27.096561678671232,-0.14539467384352633,Hyderabad
1952,27.094535496844262,-0.14742085567049656,Hyderabad
1953,27.013452040013696,-0.2285043125010624,Hyderabad
1954,26.76563010672603,-0.47632624578873006,Hyderabad
1955,26.45110957912329,-0.7908467733914684,Hyderabad
1956,26.50056009989071,-0.7413962526240496,Hyderabad
1957,26.91917804038356,-0.3227783121311987,Hyderabad
1958,27.26619179079452,0.024235438279760046,Hyderabad
1959,27.075465792849315,-0.16649055966544424,Hyderabad
1960,27.07316937072404,-0.16878698179071705,Hyderabad
1961,26.81284932036986,-0.4291070321448984,Hyderabad
1962,26.387452040561648,-0.8545043119531108,Hyderabad
1963,26.6312192290137,-0.6107371235010604,Hyderabad
1964,27.278292339385242,0.03633598687048334,Hyderabad
1965,27.12053423458904,-0.121422117925718,Hyderabad
1966,27.428027360575342,0.1860710080605834,Hyderabad
1967,27.03778081391781,-0.20417553859694948,Hyderabad
1968,26.94590161126913,-0.29605474124563,Hyderabad
1969,27.063246548150683,-0.17870980436407535,Hyderabad
1970,26.581356124143838,-0.6606002283709209,Hyderabad
1971,26.467205478726026,-0.774750873788733,Hyderabad
1972,27.491270513592895,0.24931416107813575,Hyderabad
1973,27.480835650739724,0.23887929822496545,Hyderabad
1974,26.895452056602743,-0.34650429591201615,Hyderabad
1975,26.60026029160274,-0.6416960609120181,Hyderabad
1976,27.065040998784152,-0.17691535373060674,Hyderabad
1977,27.250082211821915,0.008125859307156702,Hyderabad
1978,26.981986215493148,-0.259970137021611,Hyderabad
1979,27.647095887904108,0.405139535389349,Hyderabad
1980,27.706653017882513,0.4646966653677538,Hyderabad
1981,27.063068549246577,-0.1788878032681822,Hyderabad
1982,27.316068475424657,0.07411212290989866,Hyderabad
1983,27.070397245054796,-0.17155910745996295,Hyderabad
1984,27.14651639081967,-0.09543996169508873,Hyderabad
1985,27.166630099684934,-0.07532625282982508,Hyderabad
1986,27.408424657150686,0.1664683046359272,Hyderabad
1987,27.023095923917808,-0.2188604285969511,Hyderabad
1988,27.166229534754095,-0.07572681776066403,Hyderabad
1989,26.88930137569863,-0.35265497681612956,Hyderabad
1990,26.63757533487671,-0.6043810176380475,Hyderabad
1991,27.272027423260273,0.03007107074551385,Hyderabad
1992,27.294836031282788,0.05287967876802924,Hyderabad
1993,27.293068515931505,0.051112163416746625,Hyderabad
1994,27.261753467643835,0.01979711512907656,Hyderabad
1995,27.26747942889041,0.02552307637565221,Hyderabad
1996,27.413497273005465,0.17154092049070613,Hyderabad
1997,27.35883562547945,0.1168792729646917,Hyderabad
1998,27.665561665479455,0.42360531296469617,Hyderabad
1999,26.951246614534245,-0.2907097379805137,Hyderabad
2000,26.99875682834699,-0.24319952416776758,Hyderabad
2001,27.322890399273973,0.08093404675921434,Hyderabad
2002,27.54782192663014,0.30586557411537996,Hyderabad
2003,27.847383581575343,0.6054272290605844,Hyderabad
2004,27.136516376885247,-0.1054399756295119,Hyderabad
2005,27.333342437232876,0.09138608471811693,Hyderabad
2006,27.120506806424654,-0.12144954609010483,Hyderabad
2007,27.16183564819178,-0.08012070432297946,Hyderabad
2008,27.21448083400273,-0.02747551851202701,Hyderabad
2009,27.880397315876714,0.6384409633619548,Hyderabad
2010,27.512657531438357,0.27070117892359846,Hyderabad
2011,27.178821895352055,-0.06313445716270394,Hyderabad
2012,27.610792399904373,0.36883604738961395,Hyderabad
2013,27.26424660360274,0.02229025108798055,Hyderabad
2014,27.26762657417808,0.025670221663322224,Hyderabad
2015,28.08864695663014,0.8466906041153806,Hyderabad
2016,27.71922578319672,0.4772694306819609,Hyderabad
2017,27.55714079712329,0.3151844446085299,Hyderabad
2018,27.36022120827397,0.11826485575921097,Hyderabad
2019,27.902491550246577,0.6605351977318179,Hyderabad
2020,27.253096811038255,0.011140458523495766,Hyderabad
2021,26.973972602739725,-0.26798374977503414,Hyderabad
2022,27.014794520547945,-0.22716183196681428,Hyderabad
2023,27.58188622754491,0.33992987503015115,Hyderabad
2024,31.261206896551727,4.019250544036968,Hyderabad
1951,26.903589037098634,0.18875934638588632,Kolkata
1952,26.684426217814206,-0.030403472898541395,Kolkata
1953,26.941041054039726,0.22621136332697844,Kolkata
1954,26.619424667030138,-0.09540502368260917,Kolkata
1955,26.715191768752057,0.00036207803930921045,Kolkata
1956,26.246174859234973,-0.46865483147777454,Kolkata
1957,26.788712319602737,0.07388262888999009,Kolkata
1958,27.385780794452053,0.6709511037393057,Kolkata
1959,26.462479445150684,-0.252350245562063,Kolkata
1960,26.675806024901643,-0.03902366581110428,Kolkata
1961,26.210068504132877,-0.50476118657987,Kolkata
1962,26.263068455047947,-0.45176123566480086,Kolkata
1963,26.438095888264385,-0.2767338024483621,Kolkata
1964,26.604822399836063,-0.11000729087668404,Kolkata
1965,26.32501368323288,-0.3898160074798689,Kolkata
1966,26.615109606949314,-0.09972008376343311,Kolkata
1967,26.30399996609589,-0.41082972461685685,Kolkata
1968,26.32755461164071,-0.38727507907203673,Kolkata
1969,26.65272604928904,-0.0621036414237075,Kolkata
1970,26.461698630161646,-0.2531310605511017,Kolkata
1971,25.608561645171232,-1.1062680455415155,Kolkata
1972,26.714030031177597,-0.0007996595351507096,Kolkata
1973,26.536945235810958,-0.17788445490178972,Kolkata
1974,26.297493103682193,-0.41733658703055454,Kolkata
1975,26.17261641779726,-0.542213272915486,Kolkata
1976,26.45815572603415,-0.2566739646785976,Kolkata
1977,26.258452036446577,-0.45637765426616994,Kolkata
1978,26.29160273290137,-0.42322695781137654,Kolkata
1979,27.36831507889041,0.6534853881776641,Kolkata
1980,27.051967220819673,0.3371375301069257,Kolkata
1981,26.338410970575346,-0.3764187201374014,Kolkata
1982,26.89417808091781,0.17934839020506388,Kolkata
1983,26.554931534846574,-0.1598981558661734,Kolkata
1984,26.24475405889891,-0.47007563181383816,Kolkata
1985,26.583794518178085,-0.1310351725346628,Kolkata
1986,26.651849290746576,-0.06298039996617177,Kolkata
1987,26.830219149849317,0.11538945913656917,Kolkata
1988,26.824330620601096,0.10950092988834825,Kolkata
1989,26.502684894776714,-0.21214479593603386,Kolkata
1990,26.367041077221916,-0.347788613490831,Kolkata
1991,26.74342463912329,0.028594948410542997,Kolkata
1992,26.443005481025956,-0.2718242096867911,Kolkata
1993,26.355123280849316,-0.3597064098634313,Kolkata
1994,26.76672599072603,0.051896300013282826,Kolkata
1995,26.593520540804107,-0.12130914990864028,Kolkata
1996,26.702636576762295,-0.012193113950452528,Kolkata
1997,26.44191782197945,-0.27291186873329565,Kolkata
1998,26.572808236958906,-0.14202145375384134,Kolkata
1999,26.91042470030137,0.1955950095886223,Kolkata
2000,26.544371563280052,-0.1704581274326955,Kolkata
2001,26.416698663628765,-0.29813102708398276,Kolkata
2002,26.54469864309589,-0.17013104761685582,Kolkata
2003,26.527684923784935,-0.1871447669278119,Kolkata
2004,26.747718583090165,0.03288889237741799,Kolkata
2005,26.877548013876712,0.16271832316396484,Kolkata
2006,26.839041120671233,0.12421142995848555,Kolkata
2007,26.53813696310959,-0.17669272760315735,Kolkata
2008,26.686571036598362,-0.028258654114384996,Kolkata
2009,27.33058904327397,0.6157593525612235,Kolkata
2010,27.377013688424658,0.6621839977119102,Kolkata
2011,26.37024657618493,-0.3445831145278184,Kolkata
2012,26.847322424963114,0.13249273425036634,Kolkata
2013,26.492136940876712,-0.22269274983603538,Kolkata
2014,26.8203252009863,0.10549551027355264,Kolkata
2015,26.95252725138356,0.2376975606708136,Kolkata
2016,27.178227605778687,0.46339791506593997,Kolkata
2017,26.966420943041097,0.25159125232834967,Kolkata
2018,26.57966097869178,-0.1351687120209668,Kolkata
2019,26.732293346312154,0.01746365559940699,Kolkata
2020,26.496317455519126,-0.2185122351936215,Kolkata
2021,27.46057692307692,0.7457472323641738,Kolkata
2022,27.333653846153847,0.6188241554411,Kolkata
2023,28.318562874251494,1.603733183538747,Kolkata
2024,30.214347826086957,3.4995181353742097,Kolkata
1951,26.306945180027398,-0.14423290250932652,Mumbai
1952,26.23553279453552,-0.21564528800120542,Mumbai
1953,26.338904150986302,-0.11227393155042265,Mumbai
1954,25.834232858054794,-0.6169452244819311,Mumbai
1955,26.047780788068494,-0.40339729446823114,Mumbai
1956,25.790888025505463,-0.6602900570312613,Mumbai
1957,26.173657536257537,-0.2775205462791881,Mumbai
1958,26.518643854657537,0.06746577212081206,Mumbai
1959,26.368493184739727,-0.08268489779699806,Mumbai
1960,26.34147540217213,-0.1097026803645953,Mumbai
1961,26.018383593265753,-0.43279448927097164,Mumbai
1962,26.136109623942463,-0.31506845859426136,Mumbai
1963,26.389068459780823,-0.062109622755901484,Mumbai
1964,25.950710329207652,-0.5004677533290725,Mumbai
1965,26.34513697680822,-0.10604110572850445,Mumbai
1966,26.524452091958903,0.07327400942217821,Mumbai
1967,26.197657543342466,-0.253520539194259,Mumbai
1968,25.770710396657105,-0.6804676858796199,Mumbai
1969,26.37480820160274,-0.076369880933985,Mumbai
1970,25.749410976945207,-0.701767105591518,Mumbai
1971,25.58119179338356,-0.8699862891531644,Mumbai
1972,26.236120171625682,-0.21505791091104243,Mumbai
1973,26.041123280397258,-0.41005480213946655,Mumbai
1974,25.91373972691096,-0.5374383556257634,Mumbai
1975,25.54915069052877,-0.9020273920079553,Mumbai
1976,26.151161218565576,-0.30001686397114824,Mumbai
1977,26.548602678821915,0.09742459628519029,Mumbai
1978,25.992424620068494,-0.45875346246823057,Mumbai
1979,26.313657529383562,-0.1375205531531627,Mumbai
1980,26.28801909430328,-0.16315898823344455,Mumbai
1981,26.157794556657535,-0.2933835258791895,Mumbai
1982,26.416739709616436,-0.034438372920288174,Mumbai
1983,25.811561631342467,-0.6396164511942573,Mumbai
1984,26.162390721926233,-0.2887873606104918,Mumbai
1985,26.250986285945203,-0.20019179659152186,Mumbai
1986,26.469315067753424,0.018136985216699486,Mumbai
1987,26.883164437164385,0.4319863546276608,Mumbai
1988,26.466284189180328,0.015106106643603567,Mumbai
1989,26.09935616510959,-0.3518219174271344,Mumbai
1990,26.032753414000002,-0.4184246685367228,Mumbai
1991,25.979849335842463,-0.4713287466942617,Mumbai
1992,26.38781421807377,-0.0633638644629535,Mumbai
1993,26.39567123320548,-0.05550684933124472,Mumbai
1994,26.223219156917807,-0.22795892561891762,Mumbai
1995,26.42006844667123,-0.03110963586549431,Mumbai
1996,26.364877027336064,-0.08630105520066067,Mumbai
1997,26.21141099658904,-0.23976708594768326,Mumbai
1998,26.794000036369866,0.3428219538331412,Mumbai
1999,26.23804109910959,-0.21313698342713394,Mumbai
2000,26.41513662896175,-0.036041453574974014,Mumbai
2001,26.3607260339726,-0.09045204856412425,Mumbai
2002,26.825904125027396,0.3747260424906713,Mumbai
2003,26.679767076863016,0.22858899432629087,Mumbai
2004,26.487500020013663,0.036321937476937904,Mumbai
2005,26.258301375698633,-0.1928767068380921,Mumbai
2006,26.50143837342466,0.050260290887933934,Mumbai
2007,26.677410969684935,0.22623288714821044,Mumbai
2008,26.206202193811478,-0.24497588872524645,Mumbai
2009,27.11735615120548,0.6661780686687564,Mumbai
2010,26.962849334794523,0.5116712522577984,Mumbai
2011,26.49252054927397,0.04134246673724462,Mumbai
2012,26.21083334254508,-0.24034473999164518,Mumbai
2013,26.28827393282192,-0.16290414971480516,Mumbai
2014,26.685776798013702,0.2345987154769773,Mumbai
2015,27.03623223750685,0.5850541549701269,Mumbai
2016,26.76523755546448,0.31405947292775593,Mumbai
2017,26.89686940468493,0.44569132214820684,Mumbai
2018,27.006776395753427,0.5555983132167022,Mumbai
2019,26.849570414697805,0.3983923321610803,Mumbai
2020,26.890607504234975,0.43942942169825017,Mumbai
2021,28.099862637362637,1.6486845548259126,Mumbai
2022,27.839010989010987,1.3878329064742623,Mumbai
2023,28.457784431137725,2.006606348601,Mumbai
2024,29.581739130434784,3.130561047898059,Mumbai
1951,25.7404931510137,-0.03850238437098952,Pune
1952,25.664999993333332,-0.11399554205135587,Pune
1953,25.721342498246575,-0.057653037138113206,Pune
1954,25.25235618042466,-0.5266393549600288,Pune
1955,25.386191801753426,-0.3928037336312613,Pune
1956,25.176270492991804,-0.6027250423928834,Pune
1957,25.591945227506848,-0.18705030787783983,Pune
1958,25.863246562493153,0.08425102710846488,Pune
1959,25.838931517465753,0.059935982081064765,Pune
1960,25.849221349521855,0.07022581413716722,Pune
1961,25.471506886849312,-0.30748864853537583,Pune
1962,25.487095877123288,-0.29189965826139996,Pune
1963,25.632123327821915,-0.14687220756277242,Pune
1964,25.480724032554647,-0.29827150283004045,Pune
1965,25.74709586441096,-0.031899670973729144,Pune
1966,25.89780825791781,0.11881272253312147,Pune
1967,25.77247949358904,-0.00651604179564913,Pune
1968,25.360573797418034,-0.4184217379666535,Pune
1969,26.0724383929589,0.2934428575742132,Pune
1970,25.356780851780822,-0.4222146836038654,Pune
1971,25.12108220257534,-0.6579133328093469,Pune
1972,25.804071059030058,0.025075523645369913,Pune
1973,25.59302740360274,-0.18596813178194793,Pune
1974,25.35973970728767,-0.4192558280970182,Pune
1975,25.010191785369862,-0.7688037500148255,Pune
1976,25.57670764054645,-0.20228789483823917,Pune
1977,26.01128763428767,0.23229209890298108,Pune
1978,25.326999998945205,-0.4519955364394832,Pune
1979,25.86032877220548,0.08133323682079308,Pune
1980,25.749371578142078,-0.029623957242609578,Pune
1981,25.57238358521918,-0.20661195016550948,Pune
1982,25.7440958739863,-0.03489966139838785,Pune
1983,25.321520524315066,-0.4574750110696222,Pune
1984,25.548101142568306,-0.23089439281638136,Pune
1985,25.49530135631507,-0.2836941790696166,Pune
1986,25.777438341424656,-0.0015571939600320661,Pune
1987,26.018000049027396,0.23900451364270836,Pune
1988,25.7770081815847,-0.00198735379998638,Pune
1989,25.33778081926027,-0.4412147161244171,Pune
1990,25.383493159712327,-0.39550237567236124,Pune
1991,25.426205489873972,-0.3527900455107158,Pune
1992,25.76415299443989,-0.014842540944798088,Pune
1993,25.714643815465752,-0.0643517199189354,Pune
1994,25.588602761260276,-0.1903927741244118,Pune
1995,25.868602672863013,0.08960713747832472,Pune
1996,25.815437137035516,0.03644160165082866,Pune
1997,25.747657528945204,-0.03133800643948348,Pune
1998,25.975260292986302,0.19626475760161455,Pune
1999,25.294410976041096,-0.4845845593435918,Pune
2000,25.54107924516393,-0.2379162902207561,Pune
2001,25.892383589849313,0.1133880544646253,Pune
2002,26.42283560238356,0.6438400669988731,Pune
2003,26.26831504330137,0.489319507916683,Pune
2004,26.05116121357924,0.2721656781945505,Pune
2005,25.763301377863012,-0.015694157521675578,Pune
2006,25.971821898315067,0.19282636293037925,Pune
2007,26.048794568698632,0.2697990333139444,Pune
2008,25.713633895579235,-0.0653616398054524,Pune
2009,26.57795894967123,0.7989634142865434,Pune
2010,26.461191788643834,0.6821962532591463,Pune
2011,25.891972588904107,0.112977053519419,Pune
2012,25.67299179954918,-0.10600373583550748,Pune
2013,25.720137013547944,-0.05885852183674345,Pune
2014,26.007840590164385,0.22884505477969697,Pune
2015,26.40080177750685,0.6218062421221617,Pune
2016,26.11592201715847,0.3369264817737836,Pune
2017,26.227623601438353,0.448628066053665,Pune
2018,26.306509475027397,0.5275139396427093,Pune
2019,26.254796178809066,0.4758006434243782,Pune
2020,26.296792939808743,0.517797404424055,Pune
2021,25.2853021978022,-0.49369333758248857,Pune
2022,25.446016483516484,-0.33297905186820387,Pune
2023,25.68952095808383,-0.08947457730085873,Pune
2024,28.670434782608694,2.8914392472240067,Pune
1901,25.424166666666665,0.09160303030302686,All India
1902,25.424166666666665,0.09160303030302686,All India
1903,25.005,-0.3275636363636387,All India
1904,24.929166666666664,-0.40339696969697414,All India
1905,24.83666666666667,-0.49589696969696817,All India
1906,25.17833333333333,-0.15423030303030671,All India
1907,25.0175,-0.31506363636363943,All India
1908,25.001666666666665,-0.3308969696969726,All India
1909,24.964166666666667,-0.36839696969697044,All India
1910,24.844166666666666,-0.48839696969697144,All India
1911,25.08583333333333,-0.24673030303030785,All India
1912,25.201666666666668,-0.13089696969696973,All India
1913,24.95,-0.38256363636363844,All India
1914,25.07166666666667,-0.26089696969696874,All India
1915,25.440833333333334,0.10826969696969613,All India
1916,25.083333333333332,-0.24923030303030558,All India
1917,24.535,-0.7975636363636376,All India
1918,24.959166666666665,-0.373396969696973,All India
1919,25.15416666666667,-0.17839696969696917,All India
1920,25.139166666666668,-0.19339696969696973,All India
1921,25.4475,0.11493636363636384,All India
1922,25.175,-0.15756363636363702,All India
1923,25.1575,-0.17506363636363886,All India
1924,25.3,-0.032563636363637016,All India
1925,24.973333333333333,-0.359230303030305,All India
1926,25.14,-0.19256363636363716,All India
1927,25.006666666666664,-0.32589696969697357,All India
1928,25.313333333333333,-0.01923030303030515,All India
1929,25.15416666666667,-0.17839696969696917,All India
1930,25.00583333333333,-0.32673030303030615,All India
1931,25.44666666666667,0.11410303030303126,All India
1932,25.246666666666666,-0.08589696969697158,All India
1933,24.915000000000003,-0.417563636363635,All India
1934,25.061666666666667,-0.2708969696969703,All India
1935,25.05,-0.282563636363637,All India
1936,25.108333333333334,-0.22423030303030345,All India
1937,25.003333333333334,-0.3292303030303039,All India
1938,25.104166666666668,-0.22839696969696988,All India
1939,25.087500000000002,-0.2450636363636356,All India
1940,24.97,-0.36256363636363886,All India
1941,25.609166666666667,0.27660303030302913,All India
1942,25.25583333333333,-0.07673030303030615,All India
1943,24.8425,-0.4900636363636366,All India
1944,24.8625,-0.470063636363637,All India
1945,24.691666666666666,-0.6408969696969713,All India
1946,25.290833333333335,-0.04173030303030245,All India
1947,25.354166666666668,0.021603030303030124,All India
1948,25.28916666666667,-0.0433969696969676,All India
1949,25.163333333333338,-0.16923030303030018,All India
1950,24.879166666666666,-0.4533969696969713,All India
1951,25.325,-0.007563636363638437,All India
1952,25.411666666666665,0.07910303030302757,All India
1953,25.581666666666667,0.24910303030302927,All India
1954,25.242499999999996,-0.09006363636364156,All India
1955,25.0175,-0.31506363636363943,All India
1956,24.94666666666667,-0.38589696969696874,All India
1957,25.146666666666665,-0.185896969696973,All India
1958,25.745,0.41243636363636327,All India
1959,25.3575,0.02493636363636398,All India
1960,25.3875,0.05493636363636156,All India
1961,24.971666666666664,-0.3608969696969737,All India
1962,25.050833333333333,-0.28173030303030444,All India
1963,25.245833333333334,-0.08673030303030416,All India
1964,25.235,-0.0975636363636383,All India
1965,25.229166666666668,-0.10339696969696988,All India
1966,25.515,0.18243636363636284,All India
1967,25.166666666666668,-0.16589696969696988,All India
1968,25.087500000000002,-0.2450636363636356,All India
1969,25.581666666666667,0.24910303030302927,All India
1970,25.228333333333335,-0.10423030303030245,All India
1971,24.828333333333333,-0.5042303030303046,All India
1972,25.22,-0.11256363636363886,All India
1973,25.372500000000002,0.03993636363636455,All India
1974,25.081666666666667,-0.25089696969697073,All India
1975,24.837500000000002,-0.4950636363636356,All India
1976,25.113333333333333,-0.21923030303030444,All India
1977,25.285833333333333,-0.04673030303030501,All India
1978,25.125833333333333,-0.20673030303030515,All India
1979,25.618333333333336,0.2857696969696981,All India
1980,25.605,0.2724363636363627,All India
1981,25.290833333333335,-0.04173030303030245,All India
1982,25.25583333333333,-0.07673030303030615,All India
1983,25.123333333333335,-0.20923030303030288,All India
1984,25.22083333333333,-0.11173030303030629,All India
1985,25.39833333333333,0.06576969696969215,All India
1986,25.22666666666667,-0.1058969696969676,All India
1987,25.645,0.31243636363636185,All India
1988,25.545833333333334,0.21326969696969655,All India
1989,25.150833333333335,-0.18173030303030302,All India
1990,25.265,-0.06756363636363716,All India
1991,25.394166666666667,0.06160303030302927,All India
1992,25.249166666666667,-0.0833969696969703,All India
1993,25.4575,0.12493636363636185,All India
1994,25.39,0.05743636363636284,All India
1995,25.463333333333335,0.13076969696969698,All India
1996,25.415833333333335,0.08326969696969755,All India
1997,25.353333333333335,0.02076969696969755,All India
1998,25.72,0.38743636363636114,All India
1999,25.56833333333333,0.23576969696969385,All India
2000,25.525000000000002,0.1924363636363644,All India
2001,25.604166666666668,0.2716030303030301,All India
2002,25.74083333333333,0.4082696969696933,All India
2003,25.608333333333334,0.27576969696969655,All India
2004,25.65416666666667,0.32160303030303083,All India
2005,25.5825,0.24993636363636185,All India
2006,25.724999999999998,0.39243636363636014,All India
2007,25.673333333333332,0.3407696969696943,All India
2008,25.549166666666668,0.2166030303030304,All India
2009,26.048333333333332,0.7157696969696943,All India
2010,26.035,0.7024363636363624,All India
2011,25.61916666666667,0.2866030303030307,All India
2012,25.60083333333333,0.2682696969696927,All India
2013,25.680833333333336,0.3482696969696981,All India
2014,25.735,0.4024363636363617,All India
2015,25.920833333333334,0.5882696969696966,All India
2016,26.203333333333333,0.8707696969696954,All India
2017,26.036666666666665,0.7041030303030276,All India
2018,25.896666666666665,0.564103030303027,All India
2019,25.8575,0.524936363636364,All India
2020,25.7825,0.44993636363636114,All India
2021,25.93166666666667,0.5991030303030307,All India
2022,26.005,0.6724363636363613,All India
2023,26.145833333333332,0.8132696969696944,All India
2024,25.97666666666667,0.6441030303030324,All India
2025,26.585454545454546,1.2528909090909082,All India
