state,year,actual_rainfall,normal_rainfall,variability_percent,variability
Andaman and Nicobar,1950,2422.2,2933.46,-17.43,-511.26
Andaman and Nicobar,1951,3275.1,2933.46,11.65,341.64
Andaman and Nicobar,1952,3079.9,2933.46,4.99,146.44
Andaman and Nicobar,1953,2721.7,2933.46,-7.22,-211.76
Andaman and Nicobar,1954,3448.9,2933.46,17.57,515.44
Andaman and Nicobar,1955,3349.5,2933.46,14.18,416.04
Andaman and Nicobar,1956,3080.0,2933.46,5.0,146.54
Andaman and Nicobar,1957,2507.2,2933.46,-14.53,-426.26
Andaman and Nicobar,1958,2807.4,2933.46,-4.3,-126.06
Andaman and Nicobar,1959,3343.1,2933.46,13.96,409.64
Andaman and Nicobar,1960,3025.0,2933.46,3.12,91.54
Andaman and Nicobar,1961,3938.1,2933.46,34.25,1004.64
Andaman and Nicobar,1962,2959.7,2933.46,0.89,26.24
Andaman and Nicobar,1963,2981.7,2933.46,1.64,48.24
Andaman and Nicobar,1964,3054.7,2933.46,4.13,121.24
Andaman and Nicobar,1965,3163.8,2933.46,7.85,230.34
Andaman and Nicobar,1966,2701.1,2933.46,-7.92,-232.36
Andaman and Nicobar,1967,3216.3,2933.46,9.64,282.84
Andaman and Nicobar,1968,2762.7,2933.46,-5.82,-170.76
Andaman and Nicobar,1969,2618.9,2933.46,-10.72,-314.56
Andaman and Nicobar,1970,3370.7,2933.46,14.91,437.24
Andaman and Nicobar,1971,2998.5,2933.46,2.22,65.04
Andaman and Nicobar,1972,3322.7,2933.46,13.27,389.24
Andaman and Nicobar,1973,2991.1,2933.46,1.96,57.64
Andaman and Nicobar,1974,2962.0,2933.46,0.97,28.54
Andaman and Nicobar,1975,3085.6,2933.46,5.19,152.14
Andaman and Nicobar,1976,3275.8,2933.46,11.67,342.34
Andaman and Nicobar,1977,2388.1,2933.46,-18.59,-545.36
Andaman and Nicobar,1978,2712.2,2933.46,-7.54,-221.26
Andaman and Nicobar,1979,1849.3,2933.46,-36.96,-1084.16
Andaman and Nicobar,1980,3625.2,2933.46,23.58,691.74
Andaman and Nicobar,1981,3074.6,2933.46,4.81,141.14
Andaman and Nicobar,1982,2384.3,2933.46,-18.72,-549.16
Andaman and Nicobar,1983,2792.3,2933.46,-4.81,-141.16
Andaman and Nicobar,1984,2820.3,2933.46,-3.86,-113.16
Andaman and Nicobar,1985,2630.6,2933.46,-10.32,-302.86
Andaman and Nicobar,1986,2187.6,2933.46,-25.43,-745.86
Andaman and Nicobar,1987,2763.9,2933.46,-5.78,-169.56
Andaman and Nicobar,1988,3322.9,2933.46,13.28,389.44
Andaman and Nicobar,1989,2533.4,2933.46,-13.64,-400.06
Andaman and Nicobar,1990,2183.3,2933.46,-25.57,-750.16
Andaman and Nicobar,1991,2436.3,2933.46,-16.95,-497.16
Andaman and Nicobar,1992,2004.6,2933.46,-31.66,-928.86
Andaman and Nicobar,1993,2237.2,2933.46,-23.74,-696.26
Andaman and Nicobar,1994,3224.8,2933.46,9.93,291.34
Andaman and Nicobar,1995,3115.1,2933.46,6.19,181.64
Andaman and Nicobar,1996,2996.6,2933.46,2.15,63.14
Andaman and Nicobar,1997,2620.5,2933.46,-10.67,-312.96
Andaman and Nicobar,1998,2718.0,2933.46,-7.34,-215.46
Andaman and Nicobar,1999,2697.3,2933.46,-8.05,-236.16
Andaman and Nicobar,2000,2566.7,2933.46,-12.5,-366.76
Andaman and Nicobar,2001,3030.9,2933.46,3.32,97.44
Andaman and Nicobar,2002,2620.1,2933.46,-10.68,-313.36
Andaman and Nicobar,2003,2313.5,2933.46,-21.13,-619.96
Andaman and Nicobar,2004,2460.0,2933.46,-16.14,-473.46
Andaman and Nicobar,2005,2954.5,2933.46,0.72,21.04
Andaman and Nicobar,2006,2404.5,2933.46,-18.03,-528.96
Andaman and Nicobar,2007,2747.9,2933.46,-6.33,-185.56
Andaman and Nicobar,2008,3375.9,2933.46,15.08,442.44
Andaman and Nicobar,2009,2611.2,2933.46,-10.99,-322.26
Andaman and Nicobar,2010,3148.2,2933.46,7.32,214.74
Andaman and Nicobar,2011,3914.1,2933.46,33.43,980.64
Andaman and Nicobar,2012,3512.7,2933.46,19.75,579.24
Andaman and Nicobar,2013,3813.6,2933.46,30.0,880.14
Andaman and Nicobar,2014,2838.2,2933.46,-3.25,-95.26
Andaman and Nicobar,2015,2895.2,2933.46,-1.3,-38.26
Andaman and Nicobar,2016,2852.0,2933.46,-2.78,-81.46
Andaman and Nicobar,2017,2890.2,2933.46,-1.47,-43.26
Andaman and Nicobar,2018,3113.5,2933.46,6.14,180.04
Andaman and Nicobar,2019,3086.2,2933.46,5.21,152.74
Andaman and Nicobar,2020,2843.1,2933.46,-3.08,-90.36
Andaman and Nicobar,2021,3493.6,2933.46,19.09,560.14
Andaman and Nicobar,2022,3238.7,2933.46,10.41,305.24
Andaman and Nicobar,2023,3510.8,2933.46,19.68,577.34
Andaman and Nicobar Islands,2024,2794.2,2794.2,0.0,0.0
Andhra Pradesh,1950,693.05,847.3,-18.2,-154.25
Andhra Pradesh,1951,695.65,847.3,-17.9,-151.65
Andhra Pradesh,1952,728.05,847.3,-14.07,-119.25
Andhra Pradesh,1953,841.1,847.3,-0.73,-6.2
Andhra Pradesh,1954,867.0,847.3,2.33,19.7
Andhra Pradesh,1955,964.75,847.3,13.86,117.45
Andhra Pradesh,1956,1113.9,847.3,31.46,266.6
Andhra Pradesh,1957,736.4,847.3,-13.09,-110.9
Andhra Pradesh,1958,1006.3000000000001,847.3,18.77,159.0
Andhra Pradesh,1959,783.25,847.3,-7.56,-64.05
Andhra Pradesh,1960,811.45,847.3,-4.23,-35.85
Andhra Pradesh,1961,814.8,847.3,-3.84,-32.5
Andhra Pradesh,1962,990.5999999999999,847.3,16.91,143.3
Andhra Pradesh,1963,799.5,847.3,-5.64,-47.8
Andhra Pradesh,1964,851.45,847.3,0.49,4.15
Andhra Pradesh,1965,633.25,847.3,-25.26,-214.05
Andhra Pradesh,1966,907.8000000000001,847.3,7.14,60.5
Andhra Pradesh,1967,718.75,847.3,-15.17,-128.55
Andhra Pradesh,1968,654.1,847.3,-22.8,-193.2
Andhra Pradesh,1969,995.85,847.3,17.53,148.55
Andhra Pradesh,1970,816.55,847.3,-3.63,-30.75
Andhra Pradesh,1971,729.15,847.3,-13.94,-118.15
Andhra Pradesh,1972,840.2,847.3,-0.84,-7.1
Andhra Pradesh,1973,734.05,847.3,-13.37,-113.25
Andhra Pradesh,1974,761.25,847.3,-10.16,-86.05
Andhra Pradesh,1975,1026.65,847.3,21.17,179.35
Andhra Pradesh,1976,872.65,847.3,2.99,25.35
Andhra Pradesh,1977,885.6500000000001,847.3,4.53,38.35
Andhra Pradesh,1978,878.5,847.3,3.68,31.2
Andhra Pradesh,1979,833.55,847.3,-1.62,-13.75
Andhra Pradesh,1980,728.05,847.3,-14.07,-119.25
Andhra Pradesh,1981,841.45,847.3,-0.69,-5.85
Andhra Pradesh,1982,695.15,847.3,-17.96,-152.15
Andhra Pradesh,1983,980.5,847.3,15.72,133.2
Andhra Pradesh,1984,691.05,847.3,-18.44,-156.25
Andhra Pradesh,1985,736.95,847.3,-13.02,-110.35
Andhra Pradesh,1986,746.75,847.3,-11.87,-100.55
Andhra Pradesh,1987,853.5,847.3,0.73,6.2
Andhra Pradesh,1988,934.55,847.3,10.3,87.25
Andhra Pradesh,1989,814.9000000000001,847.3,-3.82,-32.4
Andhra Pradesh,1990,1128.75,847.3,33.22,281.45
Andhra Pradesh,1991,997.25,847.3,17.7,149.95
Andhra Pradesh,1992,749.95,847.3,-11.49,-97.35
Andhra Pradesh,1993,842.8,847.3,-0.53,-4.5
Andhra Pradesh,1994,835.0,847.3,-1.45,-12.3
Andhra Pradesh,1995,1023.2,847.3,20.76,175.9
Andhra Pradesh,1996,1173.85,847.3,38.54,326.55
Andhra Pradesh,1997,897.15,847.3,5.88,49.85
Andhra Pradesh,1998,1021.05,847.3,20.51,173.75
Andhra Pradesh,1999,629.75,847.3,-25.68,-217.55
Andhra Pradesh,2000,919.8,847.3,8.56,72.5
Andhra Pradesh,2001,904.95,847.3,6.8,57.65
Andhra Pradesh,2002,623.0,847.3,-26.47,-224.3
Andhra Pradesh,2003,791.7,847.3,-6.56,-55.6
Andhra Pradesh,2004,767.3,847.3,-9.44,-80.0
Andhra Pradesh,2005,1060.6999999999998,847.3,25.19,213.4
Andhra Pradesh,2006,799.25,847.3,-5.67,-48.05
Andhra Pradesh,2007,993.25,847.3,17.23,145.95
Andhra Pradesh,2008,922.8499999999999,847.3,8.92,75.55
Andhra Pradesh,2009,707.25,847.3,-16.53,-140.05
Andhra Pradesh,2010,1243.45,847.3,46.75,396.15
Andhra Pradesh,2011,731.45,847.3,-13.67,-115.85
Andhra Pradesh,2012,914.05,847.3,7.88,66.75
Andhra Pradesh,2013,904.5,847.3,6.75,57.2
Andhra Pradesh,2014,659.4,847.3,-22.18,-187.9
Andhra Pradesh,2015,974.0,847.3,14.95,126.7
Andhra Pradesh,2016,735.3499999999999,847.3,-13.21,-111.95
Andhra Pradesh,2017,864.65,847.3,2.05,17.35
Andhra Pradesh,2018,635.55,847.3,-24.99,-211.75
Andhra Pradesh,2019,878.45,847.3,3.68,31.15
Andhra Pradesh,2020,1217.2,847.3,43.66,369.9
Andhra Pradesh,2021,1144.1,847.3,35.03,296.8
Andhra Pradesh,2022,1019.9499999999999,847.3,20.38,172.65
Andhra Pradesh,2023,853.85,847.3,0.77,6.55
Andhra Pradesh,2024,1044.4,847.3,23.26,197.1
Arunachal Pradesh,1950,2807.0,3320.59,-15.47,-513.59
Arunachal Pradesh,1951,3354.2,3320.59,1.01,33.61
Arunachal Pradesh,1952,2396.1,3320.59,-27.84,-924.49
Arunachal Pradesh,1953,2807.0,3320.59,-15.47,-513.59
Arunachal Pradesh,1957,2807.0,3320.59,-15.47,-513.59
Arunachal Pradesh,1958,5063.5,3320.59,52.49,1742.91
Arunachal Pradesh,1959,4195.5,3320.59,26.35,874.91
Arunachal Pradesh,1960,3709.4,3320.59,11.71,388.81
Arunachal Pradesh,1961,3676.5,3320.59,10.72,355.91
Arunachal Pradesh,1962,2807.0,3320.59,-15.47,-513.59
Arunachal Pradesh,1963,4138.0,3320.59,24.62,817.41
Arunachal Pradesh,1964,4959.3,3320.59,49.35,1638.71
Arunachal Pradesh,1965,2363.0,3320.59,-28.84,-957.59
Arunachal Pradesh,1966,2292.1,3320.59,-30.97,-1028.49
Arunachal Pradesh,1967,1830.8,3320.59,-44.87,-1489.79
Arunachal Pradesh,1968,2183.4,3320.59,-34.25,-1137.19
Arunachal Pradesh,1969,2090.7,3320.59,-37.04,-1229.89
Arunachal Pradesh,1970,2321.4,3320.59,-30.09,-999.19
Arunachal Pradesh,1971,2255.4,3320.59,-32.08,-1065.19
Arunachal Pradesh,1972,2251.8,3320.59,-32.19,-1068.79
Arunachal Pradesh,1973,2479.8,3320.59,-25.32,-840.79
Arunachal Pradesh,1974,3038.7,3320.59,-8.49,-281.89
Arunachal Pradesh,1975,2220.0,3320.59,-33.14,-1100.59
Arunachal Pradesh,1976,2590.7,3320.59,-21.98,-729.89
Arunachal Pradesh,1977,3829.9,3320.59,15.34,509.31
Arunachal Pradesh,1978,2531.3,3320.59,-23.77,-789.29
Arunachal Pradesh,1979,3016.9,3320.59,-9.15,-303.69
Arunachal Pradesh,1980,3341.3,3320.59,0.62,20.71
Arunachal Pradesh,1981,2786.8,3320.59,-16.08,-533.79
Arunachal Pradesh,1982,2775.4,3320.59,-16.42,-545.19
Arunachal Pradesh,1983,3316.8,3320.59,-0.11,-3.79
Arunachal Pradesh,1984,3324.5,3320.59,0.12,3.91
Arunachal Pradesh,1985,3272.5,3320.59,-1.45,-48.09
Arunachal Pradesh,1986,2445.0,3320.59,-26.37,-875.59
Arunachal Pradesh,1987,3311.6,3320.59,-0.27,-8.99
Arunachal Pradesh,1988,4095.8,3320.59,23.35,775.21
Arunachal Pradesh,1989,3210.7,3320.59,-3.31,-109.89
Arunachal Pradesh,1990,3506.1,3320.59,5.59,185.51
Arunachal Pradesh,1991,3383.4,3320.59,1.89,62.81
Arunachal Pradesh,1992,2707.5,3320.59,-18.46,-613.09
Arunachal Pradesh,1993,3252.0,3320.59,-2.07,-68.59
Arunachal Pradesh,1994,2270.3,3320.59,-31.63,-1050.29
Arunachal Pradesh,1995,3040.5,3320.59,-8.43,-280.09
Arunachal Pradesh,1996,2555.5,3320.59,-23.04,-765.09
Arunachal Pradesh,1997,2269.8,3320.59,-31.64,-1050.79
Arunachal Pradesh,1998,3537.0,3320.59,6.52,216.41
Arunachal Pradesh,1999,2369.2,3320.59,-28.65,-951.39
Arunachal Pradesh,2000,2783.7,3320.59,-16.17,-536.89
Arunachal Pradesh,2001,2130.1,3320.59,-35.85,-1190.49
Arunachal Pradesh,2002,2536.1,3320.59,-23.63,-784.49
Arunachal Pradesh,2003,2618.3,3320.59,-21.15,-702.29
Arunachal Pradesh,2004,2836.6,3320.59,-14.58,-483.99
Arunachal Pradesh,2005,2554.8,3320.59,-23.06,-765.79
Arunachal Pradesh,2006,2205.1,3320.59,-33.59,-1115.49
Arunachal Pradesh,2007,2963.8,3320.59,-10.74,-356.79
Arunachal Pradesh,2008,2545.7,3320.59,-23.34,-774.89
Arunachal Pradesh,2009,1912.4,3320.59,-42.41,-1408.19
Arunachal Pradesh,2010,2824.1,3320.59,-14.95,-496.49
Arunachal Pradesh,2011,2199.4,3320.59,-33.76,-1121.19
Arunachal Pradesh,2012,3307.3,3320.59,-0.4,-13.29
Arunachal Pradesh,2013,2029.0,3320.59,-38.9,-1291.59
Arunachal Pradesh,2014,2467.5,3320.59,-25.69,-853.09
Arunachal Pradesh,2015,2619.3,3320.59,-21.12,-701.29
Arunachal Pradesh,2016,2695.1,3320.59,-18.84,-625.49
Arunachal Pradesh,2017,2762.4,3320.59,-16.81,-558.19
Arunachal Pradesh,2018,1966.6,3320.59,-40.78,-1353.99
Arunachal Pradesh,2019,2343.4,3320.59,-29.43,-977.19
Arunachal Pradesh,2020,2744.3,3320.59,-17.36,-576.29
Arunachal Pradesh,2021,1966.5,3320.59,-40.78,-1354.09
Arunachal Pradesh,2022,2810.6,3320.59,-15.36,-509.99
Arunachal Pradesh,2023,2249.3,3320.59,-32.26,-1071.29
Arunachal Pradesh,2024,2192.8,3320.59,-33.96,-1127.79
Assam-Meghalaya,1950,2398.3,2579.72,-7.03,-181.42
Assam-Meghalaya,1951,2626.5,2579.72,1.81,46.78
Assam-Meghalaya,1952,2862.5,2579.72,10.96,282.78
Assam-Meghalaya,1953,2566.4,2579.72,-0.52,-13.32
Assam-Meghalaya,1954,2867.3,2579.72,11.15,287.58
Assam-Meghalaya,1955,2770.6,2579.72,7.4,190.88
Assam-Meghalaya,1956,2816.5,2579.72,9.18,236.78
Assam-Meghalaya,1957,2260.7,2579.72,-12.37,-319.02
Assam-Meghalaya,1958,2641.1,2579.72,2.38,61.38
Assam-Meghalaya,1959,2538.7,2579.72,-1.59,-41.02
Assam-Meghalaya,1960,2362.3,2579.72,-8.43,-217.42
Assam-Meghalaya,1961,2243.3,2579.72,-13.04,-336.42
Assam-Meghalaya,1962,2327.5,2579.72,-9.78,-252.22
Assam-Meghalaya,1963,2538.9,2579.72,-1.58,-40.82
Assam-Meghalaya,1964,2743.0,2579.72,6.33,163.28
Assam-Meghalaya,1965,2417.3,2579.72,-6.3,-162.42
Assam-Meghalaya,1966,2813.1,2579.72,9.05,233.38
Assam-Meghalaya,1967,2130.4,2579.72,-17.42,-449.32
Assam-Meghalaya,1968,2534.2,2579.72,-1.76,-45.52
Assam-Meghalaya,1969,2344.4,2579.72,-9.12,-235.32
Assam-Meghalaya,1970,3095.5,2579.72,19.99,515.78
Assam-Meghalaya,1971,2335.4,2579.72,-9.47,-244.32
Assam-Meghalaya,1972,2393.1,2579.72,-7.23,-186.62
Assam-Meghalaya,1973,2671.1,2579.72,3.54,91.38
Assam-Meghalaya,1974,3438.5,2579.72,33.29,858.78
Assam-Meghalaya,1975,2275.5,2579.72,-11.79,-304.22
Assam-Meghalaya,1976,1949.7,2579.72,-24.42,-630.02
Assam-Meghalaya,1977,2595.3,2579.72,0.6,15.58
Assam-Meghalaya,1978,1989.3,2579.72,-22.89,-590.42
Assam-Meghalaya,1979,2175.3,2579.72,-15.68,-404.42
Assam-Meghalaya,1980,2261.6,2579.72,-12.33,-318.12
Assam-Meghalaya,1981,2098.9,2579.72,-18.64,-480.82
Assam-Meghalaya,1982,2413.7,2579.72,-6.44,-166.02
Assam-Meghalaya,1983,2617.5,2579.72,1.46,37.78
Assam-Meghalaya,1984,3181.2,2579.72,23.32,601.48
Assam-Meghalaya,1985,2852.5,2579.72,10.57,272.78
Assam-Meghalaya,1986,2608.9,2579.72,1.13,29.18
Assam-Meghalaya,1987,2966.7,2579.72,15.0,386.98
Assam-Meghalaya,1988,3287.3,2579.72,27.43,707.58
Assam-Meghalaya,1989,2706.9,2579.72,4.93,127.18
Assam-Meghalaya,1990,2769.7,2579.72,7.36,189.98
Assam-Meghalaya,1991,2815.7,2579.72,9.15,235.98
Assam-Meghalaya,1992,2255.4,2579.72,-12.57,-324.32
Assam-Meghalaya,1993,2894.3,2579.72,12.19,314.58
Assam-Meghalaya,1994,2134.6,2579.72,-17.25,-445.12
Assam-Meghalaya,1995,2907.4,2579.72,12.7,327.68
Assam-Meghalaya,1996,2531.3,2579.72,-1.88,-48.42
Assam-Meghalaya,1997,2399.7,2579.72,-6.98,-180.02
Assam-Meghalaya,1998,2841.3,2579.72,10.14,261.58
Assam-Meghalaya,1999,2691.4,2579.72,4.33,111.68
Assam-Meghalaya,2000,2515.0,2579.72,-2.51,-64.72
Assam-Meghalaya,2001,2173.5,2579.72,-15.75,-406.22
Assam-Meghalaya,2002,2399.3,2579.72,-6.99,-180.42
Assam-Meghalaya,2003,2475.3,2579.72,-4.05,-104.42
Assam-Meghalaya,2004,3023.3,2579.72,17.19,443.58
Assam-Meghalaya,2005,2418.7,2579.72,-6.24,-161.02
Assam-Meghalaya,2006,1919.1,2579.72,-25.61,-660.62
Assam-Meghalaya,2007,2781.2,2579.72,7.81,201.48
Assam-Meghalaya,2008,2335.4,2579.72,-9.47,-244.32
Assam-Meghalaya,2009,2045.8,2579.72,-20.7,-533.92
Assam-Meghalaya,2010,2740.8,2579.72,6.24,161.08
Assam-Meghalaya,2011,1793.0,2579.72,-30.5,-786.72
Assam-Meghalaya,2012,2514.3,2579.72,-2.54,-65.42
Assam-Meghalaya,2013,1992.4,2579.72,-22.77,-587.32
Assam-Meghalaya,2014,2235.2,2579.72,-13.35,-344.52
Assam-Meghalaya,2015,2487.8,2579.72,-3.56,-91.92
Assam-Meghalaya,2016,2238.9,2579.72,-13.21,-340.82
Assam-Meghalaya,2017,2688.9,2579.72,4.23,109.18
Assam-Meghalaya,2018,1916.7,2579.72,-25.7,-663.02
Assam-Meghalaya,2019,2497.3,2579.72,-3.19,-82.42
Assam-Meghalaya,2020,3190.2,2579.72,23.66,610.48
Assam-Meghalaya,2021,2017.5,2579.72,-21.79,-562.22
Assam-Meghalaya,2022,2752.3,2579.72,6.69,172.58
Assam-Meghalaya,2023,2015.6,2579.72,-21.87,-564.12
Assam-Meghalaya,2024,2227.9,2579.72,-13.64,-351.82
Bihar,1950,1124.6,1189.21,-5.43,-64.61
Bihar,1951,853.9,1189.21,-28.2,-335.31
Bihar,1952,1206.7,1189.21,1.47,17.49
Bihar,1953,1378.6,1189.21,15.93,189.39
Bihar,1954,1050.5,1189.21,-11.66,-138.71
Bihar,1955,1244.1,1189.21,4.62,54.89
Bihar,1956,1493.3,1189.21,25.57,304.09
Bihar,1957,966.8,1189.21,-18.7,-222.41
Bihar,1958,1167.3,1189.21,-1.84,-21.91
Bihar,1959,1179.5,1189.21,-0.82,-9.71
Bihar,1960,1247.9,1189.21,4.94,58.69
Bihar,1961,1258.0,1189.21,5.78,68.79
Bihar,1962,1178.0,1189.21,-0.94,-11.21
Bihar,1963,1326.1,1189.21,11.51,136.89
Bihar,1964,1122.5,1189.21,-5.61,-66.71
Bihar,1965,1002.7,1189.21,-15.68,-186.51
Bihar,1966,767.0,1189.21,-35.5,-422.21
Bihar,1967,999.8,1189.21,-15.93,-189.41
Bihar,1968,1140.0,1189.21,-4.14,-49.21
Bihar,1969,1288.6,1189.21,8.36,99.39
Bihar,1970,1074.6,1189.21,-9.64,-114.61
Bihar,1971,1432.6,1189.21,20.47,243.39
Bihar,1972,717.8,1189.21,-39.64,-471.41
Bihar,1973,1189.0,1189.21,-0.02,-0.21
Bihar,1974,1244.0,1189.21,4.61,54.79
Bihar,1975,1056.0,1189.21,-11.2,-133.21
Bihar,1976,1159.5,1189.21,-2.5,-29.71
Bihar,1977,1162.3,1189.21,-2.26,-26.91
Bihar,1978,1315.2,1189.21,10.59,125.99
Bihar,1979,1016.2,1189.21,-14.55,-173.01
Bihar,1980,1251.2,1189.21,5.21,61.99
Bihar,1981,1363.3,1189.21,14.64,174.09
Bihar,1982,933.5,1189.21,-21.5,-255.71
Bihar,1983,1106.9,1189.21,-6.92,-82.31
Bihar,1984,1431.8,1189.21,20.4,242.59
Bihar,1985,1455.2,1189.21,22.37,265.99
Bihar,1986,1321.1,1189.21,11.09,131.89
Bihar,1987,1660.0,1189.21,39.59,470.79
Bihar,1988,1337.7,1189.21,12.49,148.49
Bihar,1989,1268.4,1189.21,6.66,79.19
Bihar,1990,1256.8,1189.21,5.68,67.59
Bihar,1991,1046.2,1189.21,-12.03,-143.01
Bihar,1992,798.8,1189.21,-32.83,-390.41
Bihar,1993,1210.8,1189.21,1.82,21.59
Bihar,1994,972.3,1189.21,-18.24,-216.91
Bihar,1995,1111.1,1189.21,-6.57,-78.11
Bihar,1996,1106.9,1189.21,-6.92,-82.31
Bihar,1997,1303.8,1189.21,9.64,114.59
Bihar,1998,1332.2,1189.21,12.02,142.99
Bihar,1999,1407.3,1189.21,18.34,218.09
Bihar,2000,1213.4,1189.21,2.03,24.19
Bihar,2001,1252.3,1189.21,5.31,63.09
Bihar,2002,1107.1,1189.21,-6.9,-82.11
Bihar,2003,1341.3,1189.21,12.79,152.09
Bihar,2004,1136.8,1189.21,-4.41,-52.41
Bihar,2005,904.4,1189.21,-23.95,-284.81
Bihar,2006,1044.2,1189.21,-12.19,-145.01
Bihar,2007,1516.0,1189.21,27.48,326.79
Bihar,2008,1207.1,1189.21,1.5,17.89
Bihar,2009,895.3,1189.21,-24.71,-293.91
Bihar,2010,677.5,1189.21,-43.03,-511.71
Bihar,2011,1139.2,1189.21,-4.21,-50.01
Bihar,2012,875.1,1189.21,-26.41,-314.11
Bihar,2013,915.2,1189.21,-23.04,-274.01
Bihar,2014,996.4,1189.21,-16.21,-192.81
Bihar,2015,820.2,1189.21,-31.03,-369.01
Bihar,2016,1133.2,1189.21,-4.71,-56.01
Bihar,2017,1103.5,1189.21,-7.21,-85.71
Bihar,2018,849.7,1189.21,-28.55,-339.51
Bihar,2019,1187.4,1189.21,-0.15,-1.81
Bihar,2020,1524.4,1189.21,28.19,335.19
Bihar,2021,1514.0,1189.21,27.31,324.79
Bihar,2022,894.5,1189.21,-24.78,-294.71
Bihar,2023,938.1,1189.21,-21.12,-251.11
Bihar,2024,916.7,1189.21,-22.92,-272.51
Chhattisgarh,1950,1263.6,1351.27,-6.49,-87.67
Chhattisgarh,1951,1400.0,1351.27,3.61,48.73
Chhattisgarh,1952,1369.1,1351.27,1.32,17.83
Chhattisgarh,1953,1381.2,1351.27,2.21,29.93
Chhattisgarh,1954,1201.1,1351.27,-11.11,-150.17
Chhattisgarh,1955,1451.3,1351.27,7.4,100.03
Chhattisgarh,1956,1547.2,1351.27,14.5,195.93
Chhattisgarh,1957,1229.7,1351.27,-9.0,-121.57
Chhattisgarh,1958,1513.1,1351.27,11.98,161.83
Chhattisgarh,1959,1528.7,1351.27,13.13,177.43
Chhattisgarh,1960,1358.5,1351.27,0.54,7.23
Chhattisgarh,1961,1944.3,1351.27,43.89,593.03
Chhattisgarh,1962,1158.6,1351.27,-14.26,-192.67
Chhattisgarh,1963,1389.1,1351.27,2.8,37.83
Chhattisgarh,1964,1567.6,1351.27,16.01,216.33
Chhattisgarh,1965,945.8,1351.27,-30.01,-405.47
Chhattisgarh,1966,1113.5,1351.27,-17.6,-237.77
Chhattisgarh,1967,1495.1,1351.27,10.64,143.83
Chhattisgarh,1968,1190.9,1351.27,-11.87,-160.37
Chhattisgarh,1969,1171.7,1351.27,-13.29,-179.57
Chhattisgarh,1970,1553.4,1351.27,14.96,202.13
Chhattisgarh,1971,1479.1,1351.27,9.46,127.83
Chhattisgarh,1972,1164.2,1351.27,-13.84,-187.07
Chhattisgarh,1973,1477.1,1351.27,9.31,125.83
Chhattisgarh,1974,957.7,1351.27,-29.13,-393.57
Chhattisgarh,1975,1482.0,1351.27,9.67,130.73
Chhattisgarh,1976,1282.1,1351.27,-5.12,-69.17
Chhattisgarh,1977,1372.2,1351.27,1.55,20.93
Chhattisgarh,1978,1376.1,1351.27,1.84,24.83
Chhattisgarh,1979,925.9,1351.27,-31.48,-425.37
Chhattisgarh,1980,1466.5,1351.27,8.53,115.23
Chhattisgarh,1981,1214.8,1351.27,-10.1,-136.47
Chhattisgarh,1982,1210.5,1351.27,-10.42,-140.77
Chhattisgarh,1983,1365.7,1351.27,1.07,14.43
Chhattisgarh,1984,1250.8,1351.27,-7.44,-100.47
Chhattisgarh,1985,1272.4,1351.27,-5.84,-78.87
Chhattisgarh,1986,1349.4,1351.27,-0.14,-1.87
Chhattisgarh,1987,1177.6,1351.27,-12.85,-173.67
Chhattisgarh,1988,1155.3,1351.27,-14.5,-195.97
Chhattisgarh,1989,1179.9,1351.27,-12.68,-171.37
Chhattisgarh,1990,1611.3,1351.27,19.24,260.03
Chhattisgarh,1991,1179.1,1351.27,-12.74,-172.17
Chhattisgarh,1992,1137.5,1351.27,-15.82,-213.77
Chhattisgarh,1993,1171.9,1351.27,-13.27,-179.37
Chhattisgarh,1994,1744.2,1351.27,29.08,392.93
Chhattisgarh,1995,1264.6,1351.27,-6.41,-86.67
Chhattisgarh,1996,1146.8,1351.27,-15.13,-204.47
Chhattisgarh,1997,1313.8,1351.27,-2.77,-37.47
Chhattisgarh,1998,1282.8,1351.27,-5.07,-68.47
Chhattisgarh,1999,1322.8,1351.27,-2.11,-28.47
Chhattisgarh,2000,892.7,1351.27,-33.94,-458.57
Chhattisgarh,2001,1509.5,1351.27,11.71,158.23
Chhattisgarh,2002,1050.1,1351.27,-22.29,-301.17
Chhattisgarh,2003,1627.7,1351.27,20.46,276.43
Chhattisgarh,2004,1127.1,1351.27,-16.59,-224.17
Chhattisgarh,2005,1287.7,1351.27,-4.7,-63.57
Chhattisgarh,2006,1282.9,1351.27,-5.06,-68.37
Chhattisgarh,2007,1244.4,1351.27,-7.91,-106.87
Chhattisgarh,2008,1112.3,1351.27,-17.68,-238.97
Chhattisgarh,2009,953.4,1351.27,-29.44,-397.87
Chhattisgarh,2010,1297.7,1351.27,-3.96,-53.57
Chhattisgarh,2011,1257.1,1351.27,-6.97,-94.17
Chhattisgarh,2012,1339.5,1351.27,-0.87,-11.77
Chhattisgarh,2013,1140.0,1351.27,-15.63,-211.27
Chhattisgarh,2014,1314.4,1351.27,-2.73,-36.87
Chhattisgarh,2015,1157.1,1351.27,-14.37,-194.17
Chhattisgarh,2016,1323.4,1351.27,-2.06,-27.87
Chhattisgarh,2017,1141.1,1351.27,-15.55,-210.17
Chhattisgarh,2018,1242.4,1351.27,-8.06,-108.87
Chhattisgarh,2019,1439.7,1351.27,6.54,88.43
Chhattisgarh,2020,1521.6,1351.27,12.61,170.33
Chhattisgarh,2021,1307.5,1351.27,-3.24,-43.77
Chhattisgarh,2022,1438.1,1351.27,6.43,86.83
Chhattisgarh,2023,1232.5,1351.27,-8.79,-118.77
Chhattisgarh,2024,1364.1,1351.27,0.95,12.83
Gujarat,1950,818.55,727.65,12.49,90.9
Gujarat,1951,388.0,727.65,-46.68,-339.65
Gujarat,1952,596.4,727.65,-18.04,-131.25
Gujarat,1953,894.65,727.65,22.95,167.0
Gujarat,1954,930.9,727.65,27.93,203.25
Gujarat,1955,692.35,727.65,-4.85,-35.3
Gujarat,1956,1074.55,727.65,47.67,346.9
Gujarat,1957,538.95,727.65,-25.93,-188.7
Gujarat,1958,849.3,727.65,16.72,121.65
Gujarat,1959,1300.5,727.65,78.73,572.85
Gujarat,1960,501.2,727.65,-31.12,-226.45
Gujarat,1961,852.55,727.65,17.16,124.9
Gujarat,1962,586.25,727.65,-19.43,-141.4
Gujarat,1963,695.4,727.65,-4.43,-32.25
Gujarat,1964,721.1,727.65,-0.9,-6.55
Gujarat,1965,535.75,727.65,-26.37,-191.9
Gujarat,1966,514.2,727.65,-29.33,-213.45
Gujarat,1967,845.5,727.65,16.2,117.85
Gujarat,1968,499.59999999999997,727.65,-31.34,-228.05
Gujarat,1969,557.0,727.65,-23.45,-170.65
Gujarat,1970,1104.45,727.65,51.78,376.8
Gujarat,1971,640.1,727.65,-12.03,-87.55
Gujarat,1972,360.35,727.65,-50.48,-367.3
Gujarat,1973,786.8499999999999,727.65,8.14,59.2
Gujarat,1974,300.70000000000005,727.65,-58.68,-426.95
Gujarat,1975,942.1,727.65,29.47,214.45
Gujarat,1976,1124.5,727.65,54.54,396.85
Gujarat,1977,936.2,727.65,28.66,208.55
Gujarat,1978,717.0,727.65,-1.46,-10.65
Gujarat,1979,925.55,727.65,27.2,197.9
Gujarat,1980,724.25,727.65,-0.47,-3.4
Gujarat,1981,911.2,727.65,25.23,183.55
Gujarat,1982,580.1500000000001,727.65,-20.27,-147.5
Gujarat,1983,988.1,727.65,35.79,260.45
Gujarat,1984,648.5,727.65,-10.88,-79.15
Gujarat,1985,441.85,727.65,-39.28,-285.8
Gujarat,1986,400.4,727.65,-44.97,-327.25
Gujarat,1987,248.75,727.65,-65.81,-478.9
Gujarat,1988,933.75,727.65,28.32,206.1
Gujarat,1989,663.75,727.65,-8.78,-63.9
Gujarat,1990,770.1,727.65,5.83,42.45
Gujarat,1991,440.95,727.65,-39.4,-286.7
Gujarat,1992,744.6,727.65,2.33,16.95
Gujarat,1993,627.25,727.65,-13.8,-100.4
Gujarat,1994,1185.7,727.65,62.95,458.05
Gujarat,1995,524.55,727.65,-27.91,-203.1
Gujarat,1996,644.45,727.65,-11.43,-83.2
Gujarat,1997,845.1,727.65,16.14,117.45
Gujarat,1998,829.1999999999999,727.65,13.96,101.55
Gujarat,1999,490.95,727.65,-32.53,-236.7
Gujarat,2000,433.6,727.65,-40.41,-294.05
Gujarat,2001,680.95,727.65,-6.42,-46.7
Gujarat,2002,474.90000000000003,727.65,-34.74,-252.75
Gujarat,2003,930.5,727.65,27.88,202.85
Gujarat,2004,751.3,727.65,3.25,23.65
Gujarat,2005,987.2,727.65,35.67,259.55
Gujarat,2006,1095.1,727.65,50.5,367.45
Gujarat,2007,1034.55,727.65,42.18,306.9
Gujarat,2008,766.35,727.65,5.32,38.7
Gujarat,2009,620.95,727.65,-14.66,-106.7
Gujarat,2010,1123.7,727.65,54.43,396.05
Gujarat,2011,828.45,727.65,13.85,100.8
Gujarat,2012,524.35,727.65,-27.94,-203.3
Gujarat,2013,1084.9,727.65,49.1,357.25
Gujarat,2014,655.65,727.65,-9.89,-72.0
Gujarat,2015,590.45,727.65,-18.86,-137.2
Gujarat,2016,623.15,727.65,-14.36,-104.5
Gujarat,2017,837.55,727.65,15.1,109.9
Gujarat,2018,506.15,727.65,-30.44,-221.5
Gujarat,2019,1091.35,727.65,49.98,363.7
Gujarat,2020,1123.55,727.65,54.41,395.9
Gujarat,2021,935.75,727.65,28.6,208.1
Gujarat,2022,802.4,727.65,10.27,74.75
Gujarat,2023,917.95,727.65,26.15,190.3
Gujarat,2024,1125.5,727.65,54.68,397.85
Haryana-Delhi-Chandigarh,1950,563.2,534.86,5.3,28.34
Haryana-Delhi-Chandigarh,1951,353.6,534.86,-33.89,-181.26
Haryana-Delhi-Chandigarh,1952,568.3,534.86,6.25,33.44
Haryana-Delhi-Chandigarh,1953,571.5,534.86,6.85,36.64
Haryana-Delhi-Chandigarh,1954,537.0,534.86,0.4,2.14
Haryana-Delhi-Chandigarh,1955,695.8,534.86,30.09,160.94
Haryana-Delhi-Chandigarh,1956,655.0,534.86,22.46,120.14
Haryana-Delhi-Chandigarh,1957,618.9,534.86,15.71,84.04
Haryana-Delhi-Chandigarh,1958,675.8,534.86,26.35,140.94
Haryana-Delhi-Chandigarh,1959,490.1,534.86,-8.37,-44.76
Haryana-Delhi-Chandigarh,1960,721.3,534.86,34.86,186.44
Haryana-Delhi-Chandigarh,1961,630.0,534.86,17.79,95.14
Haryana-Delhi-Chandigarh,1962,512.4,534.86,-4.2,-22.46
Haryana-Delhi-Chandigarh,1963,523.6,534.86,-2.11,-11.26
Haryana-Delhi-Chandigarh,1964,711.5,534.86,33.03,176.64
Haryana-Delhi-Chandigarh,1965,385.5,534.86,-27.93,-149.36
Haryana-Delhi-Chandigarh,1966,707.6,534.86,32.3,172.74
Haryana-Delhi-Chandigarh,1967,839.9,534.86,57.03,305.04
Haryana-Delhi-Chandigarh,1968,398.3,534.86,-25.53,-136.56
Haryana-Delhi-Chandigarh,1969,484.6,534.86,-9.4,-50.26
Haryana-Delhi-Chandigarh,1970,550.9,534.86,3.0,16.04
Haryana-Delhi-Chandigarh,1971,638.1,534.86,19.3,103.24
Haryana-Delhi-Chandigarh,1972,460.6,534.86,-13.88,-74.26
Haryana-Delhi-Chandigarh,1973,528.6,534.86,-1.17,-6.26
Haryana-Delhi-Chandigarh,1974,384.9,534.86,-28.04,-149.96
Haryana-Delhi-Chandigarh,1975,622.6,534.86,16.4,87.74
Haryana-Delhi-Chandigarh,1976,727.1,534.86,35.94,192.24
Haryana-Delhi-Chandigarh,1977,752.7,534.86,40.73,217.84
Haryana-Delhi-Chandigarh,1978,654.4,534.86,22.35,119.54
Haryana-Delhi-Chandigarh,1979,346.4,534.86,-35.24,-188.46
Haryana-Delhi-Chandigarh,1980,514.2,534.86,-3.86,-20.66
Haryana-Delhi-Chandigarh,1981,506.4,534.86,-5.32,-28.46
Haryana-Delhi-Chandigarh,1982,513.0,534.86,-4.09,-21.86
Haryana-Delhi-Chandigarh,1983,726.2,534.86,35.77,191.34
Haryana-Delhi-Chandigarh,1984,472.0,534.86,-11.75,-62.86
Haryana-Delhi-Chandigarh,1985,575.8,534.86,7.65,40.94
Haryana-Delhi-Chandigarh,1986,445.5,534.86,-16.71,-89.36
Haryana-Delhi-Chandigarh,1987,314.8,534.86,-41.14,-220.06
Haryana-Delhi-Chandigarh,1988,852.0,534.86,59.29,317.14
Haryana-Delhi-Chandigarh,1989,418.3,534.86,-21.79,-116.56
Haryana-Delhi-Chandigarh,1990,729.3,534.86,36.35,194.44
Haryana-Delhi-Chandigarh,1991,405.3,534.86,-24.22,-129.56
Haryana-Delhi-Chandigarh,1992,435.3,534.86,-18.61,-99.56
Haryana-Delhi-Chandigarh,1993,533.5,534.86,-0.25,-1.36
Haryana-Delhi-Chandigarh,1994,582.3,534.86,8.87,47.44
Haryana-Delhi-Chandigarh,1995,854.3,534.86,59.72,319.44
Haryana-Delhi-Chandigarh,1996,663.1,534.86,23.98,128.24
Haryana-Delhi-Chandigarh,1997,687.7,534.86,28.58,152.84
Haryana-Delhi-Chandigarh,1998,697.6,534.86,30.43,162.74
Haryana-Delhi-Chandigarh,1999,363.9,534.86,-31.96,-170.96
Haryana-Delhi-Chandigarh,2000,390.3,534.86,-27.03,-144.56
Haryana-Delhi-Chandigarh,2001,495.7,534.86,-7.32,-39.16
Haryana-Delhi-Chandigarh,2002,356.8,534.86,-33.29,-178.06
Haryana-Delhi-Chandigarh,2003,601.9,534.86,12.53,67.04
Haryana-Delhi-Chandigarh,2004,495.4,534.86,-7.38,-39.46
Haryana-Delhi-Chandigarh,2005,529.1,534.86,-1.08,-5.76
Haryana-Delhi-Chandigarh,2006,342.6,534.86,-35.95,-192.26
Haryana-Delhi-Chandigarh,2007,449.7,534.86,-15.92,-85.16
Haryana-Delhi-Chandigarh,2008,706.8,534.86,32.15,171.94
Haryana-Delhi-Chandigarh,2009,378.2,534.86,-29.29,-156.66
Haryana-Delhi-Chandigarh,2010,634.3,534.86,18.59,99.44
Haryana-Delhi-Chandigarh,2011,488.0,534.86,-8.76,-46.86
Haryana-Delhi-Chandigarh,2012,350.9,534.86,-34.39,-183.96
Haryana-Delhi-Chandigarh,2013,525.5,534.86,-1.75,-9.36
Haryana-Delhi-Chandigarh,2014,331.3,534.86,-38.06,-203.56
Haryana-Delhi-Chandigarh,2015,492.4,534.86,-7.94,-42.46
Haryana-Delhi-Chandigarh,2016,400.3,534.86,-25.16,-134.56
Haryana-Delhi-Chandigarh,2017,426.7,534.86,-20.22,-108.16
Haryana-Delhi-Chandigarh,2018,491.0,534.86,-8.2,-43.86
Haryana-Delhi-Chandigarh,2019,359.9,534.86,-32.71,-174.96
Haryana-Delhi-Chandigarh,2020,545.9,534.86,2.06,11.04
Haryana-Delhi-Chandigarh,2021,687.1,534.86,28.46,152.24
Haryana-Delhi-Chandigarh,2022,623.6,534.86,16.59,88.74
Haryana-Delhi-Chandigarh,2023,565.3,534.86,5.69,30.44
Haryana-Delhi-Chandigarh,2024,484.9,534.86,-9.34,-49.96
Himachal Pradesh,1950,1684.4,1247.92,34.98,436.48
Himachal Pradesh,1951,1238.4,1247.92,-0.76,-9.52
Himachal Pradesh,1952,1263.6,1247.92,1.26,15.68
Himachal Pradesh,1953,1425.7,1247.92,14.25,177.78
Himachal Pradesh,1954,1717.5,1247.92,37.63,469.58
Himachal Pradesh,1955,1919.1,1247.92,53.78,671.18
Himachal Pradesh,1956,1541.6,1247.92,23.53,293.68
Himachal Pradesh,1957,1822.7,1247.92,46.06,574.78
Himachal Pradesh,1958,1572.2,1247.92,25.99,324.28
Himachal Pradesh,1959,1640.1,1247.92,31.43,392.18
Himachal Pradesh,1960,1115.1,1247.92,-10.64,-132.82
Himachal Pradesh,1961,1515.4,1247.92,21.43,267.48
Himachal Pradesh,1962,1393.4,1247.92,11.66,145.48
Himachal Pradesh,1963,1354.4,1247.92,8.53,106.48
Himachal Pradesh,1964,1361.4,1247.92,9.09,113.48
Himachal Pradesh,1965,1220.4,1247.92,-2.21,-27.52
Himachal Pradesh,1966,1371.0,1247.92,9.86,123.08
Himachal Pradesh,1967,1558.5,1247.92,24.89,310.58
Himachal Pradesh,1968,1169.6,1247.92,-6.28,-78.32
Himachal Pradesh,1969,1140.6,1247.92,-8.6,-107.32
Himachal Pradesh,1970,1095.8,1247.92,-12.19,-152.12
Himachal Pradesh,1971,1275.0,1247.92,2.17,27.08
Himachal Pradesh,1972,975.9,1247.92,-21.8,-272.02
Himachal Pradesh,1973,1095.0,1247.92,-12.25,-152.92
Himachal Pradesh,1974,879.7,1247.92,-29.51,-368.22
Himachal Pradesh,1975,1216.9,1247.92,-2.49,-31.02
Himachal Pradesh,1976,1179.3,1247.92,-5.5,-68.62
Himachal Pradesh,1977,1244.9,1247.92,-0.24,-3.02
Himachal Pradesh,1978,1371.0,1247.92,9.86,123.08
Himachal Pradesh,1979,1020.9,1247.92,-18.19,-227.02
Himachal Pradesh,1980,1155.0,1247.92,-7.45,-92.92
Himachal Pradesh,1981,1147.0,1247.92,-8.09,-100.92
Himachal Pradesh,1982,1422.9,1247.92,14.02,174.98
Himachal Pradesh,1983,1189.5,1247.92,-4.68,-58.42
Himachal Pradesh,1984,968.2,1247.92,-22.41,-279.72
Himachal Pradesh,1985,1193.9,1247.92,-4.33,-54.02
Himachal Pradesh,1986,1322.5,1247.92,5.98,74.58
Himachal Pradesh,1987,1035.6,1247.92,-17.01,-212.32
Himachal Pradesh,1988,1881.1,1247.92,50.74,633.18
Himachal Pradesh,1989,1177.1,1247.92,-5.68,-70.82
Himachal Pradesh,1990,1484.7,1247.92,18.97,236.78
Himachal Pradesh,1991,1099.8,1247.92,-11.87,-148.12
Himachal Pradesh,1992,1418.4,1247.92,13.66,170.48
Himachal Pradesh,1993,1125.1,1247.92,-9.84,-122.82
Himachal Pradesh,1994,1396.4,1247.92,11.9,148.48
Himachal Pradesh,1995,1488.1,1247.92,19.25,240.18
Himachal Pradesh,1996,1301.7,1247.92,4.31,53.78
Himachal Pradesh,1997,1350.9,1247.92,8.25,102.98
Himachal Pradesh,1998,1353.6,1247.92,8.47,105.68
Himachal Pradesh,1999,1116.2,1247.92,-10.56,-131.72
Himachal Pradesh,2000,1081.9,1247.92,-13.3,-166.02
Himachal Pradesh,2001,1018.9,1247.92,-18.35,-229.02
Himachal Pradesh,2002,982.2,1247.92,-21.29,-265.72
Himachal Pradesh,2003,1033.1,1247.92,-17.21,-214.82
Himachal Pradesh,2004,887.9,1247.92,-28.85,-360.02
Himachal Pradesh,2005,1249.0,1247.92,0.09,1.08
Himachal Pradesh,2006,1210.2,1247.92,-3.02,-37.72
Himachal Pradesh,2007,970.0,1247.92,-22.27,-277.92
Himachal Pradesh,2008,1126.7,1247.92,-9.71,-121.22
Himachal Pradesh,2009,953.0,1247.92,-23.63,-294.92
Himachal Pradesh,2010,1246.6,1247.92,-0.11,-1.32
Himachal Pradesh,2011,1006.2,1247.92,-19.37,-241.72
Himachal Pradesh,2012,983.4,1247.92,-21.2,-264.52
Himachal Pradesh,2013,1168.2,1247.92,-6.39,-79.72
Himachal Pradesh,2014,939.8,1247.92,-24.69,-308.12
Himachal Pradesh,2015,1209.6,1247.92,-3.07,-38.32
Himachal Pradesh,2016,883.8,1247.92,-29.18,-364.12
Himachal Pradesh,2017,1130.0,1247.92,-9.45,-117.92
Himachal Pradesh,2018,1114.6,1247.92,-10.68,-133.32
Himachal Pradesh,2019,1133.8,1247.92,-9.14,-114.12
Himachal Pradesh,2020,978.4,1247.92,-21.6,-269.52
Himachal Pradesh,2021,1029.6,1247.92,-17.49,-218.32
Himachal Pradesh,2022,1086.4,1247.92,-12.94,-161.52
Himachal Pradesh,2023,1331.1,1247.92,6.67,83.18
Himachal Pradesh,2024,979.0,1247.92,-21.55,-268.92
Jammu and Kashmir,1950,1521.6,1144.16,32.99,377.44
Jammu and Kashmir,1951,942.4,1144.16,-17.63,-201.76
Jammu and Kashmir,1952,1061.1,1144.16,-7.26,-83.06
Jammu and Kashmir,1953,1228.8,1144.16,7.4,84.64
Jammu and Kashmir,1954,1278.6,1144.16,11.75,134.44
Jammu and Kashmir,1955,1161.7,1144.16,1.53,17.54
Jammu and Kashmir,1956,1507.5,1144.16,31.76,363.34
Jammu and Kashmir,1957,1520.2,1144.16,32.87,376.04
Jammu and Kashmir,1958,1347.9,1144.16,17.81,203.74
Jammu and Kashmir,1959,1535.9,1144.16,34.24,391.74
Jammu and Kashmir,1960,783.1,1144.16,-31.56,-361.06
Jammu and Kashmir,1961,1153.6,1144.16,0.83,9.44
Jammu and Kashmir,1962,927.5,1144.16,-18.94,-216.66
Jammu and Kashmir,1963,909.2,1144.16,-20.54,-234.96
Jammu and Kashmir,1964,946.2,1144.16,-17.3,-197.96
Jammu and Kashmir,1965,912.5,1144.16,-20.25,-231.66
Jammu and Kashmir,1966,1381.2,1144.16,20.72,237.04
Jammu and Kashmir,1967,1109.3,1144.16,-3.05,-34.86
Jammu and Kashmir,1968,1072.0,1144.16,-6.31,-72.16
Jammu and Kashmir,1969,1090.6,1144.16,-4.68,-53.56
Jammu and Kashmir,1970,656.2,1144.16,-42.65,-487.96
Jammu and Kashmir,1971,759.9,1144.16,-33.58,-384.26
Jammu and Kashmir,1972,1144.9,1144.16,0.06,0.74
Jammu and Kashmir,1973,1094.7,1144.16,-4.32,-49.46
Jammu and Kashmir,1974,802.5,1144.16,-29.86,-341.66
Jammu and Kashmir,1975,1184.2,1144.16,3.5,40.04
Jammu and Kashmir,1976,1019.2,1144.16,-10.92,-124.96
Jammu and Kashmir,1977,950.0,1144.16,-16.97,-194.16
Jammu and Kashmir,1978,1056.7,1144.16,-7.64,-87.46
Jammu and Kashmir,1979,1074.8,1144.16,-6.06,-69.36
Jammu and Kashmir,1980,1038.6,1144.16,-9.23,-105.56
Jammu and Kashmir,1981,1173.0,1144.16,2.52,28.84
Jammu and Kashmir,1982,1241.5,1144.16,8.51,97.34
Jammu and Kashmir,1983,1534.2,1144.16,34.09,390.04
Jammu and Kashmir,1984,1208.2,1144.16,5.6,64.04
Jammu and Kashmir,1985,1186.1,1144.16,3.67,41.94
Jammu and Kashmir,1986,1541.5,1144.16,34.73,397.34
Jammu and Kashmir,1987,1213.2,1144.16,6.03,69.04
Jammu and Kashmir,1988,1745.0,1144.16,52.51,600.84
Jammu and Kashmir,1989,1232.9,1144.16,7.76,88.74
Jammu and Kashmir,1990,1583.5,1144.16,38.4,439.34
Jammu and Kashmir,1991,1365.7,1144.16,19.36,221.54
Jammu and Kashmir,1992,1586.1,1144.16,38.63,441.94
Jammu and Kashmir,1993,1242.2,1144.16,8.57,98.04
Jammu and Kashmir,1994,1752.9,1144.16,53.2,608.74
Jammu and Kashmir,1995,1502.6,1144.16,31.33,358.44
Jammu and Kashmir,1996,1656.2,1144.16,44.75,512.04
Jammu and Kashmir,1997,1345.0,1144.16,17.55,200.84
Jammu and Kashmir,1998,1349.9,1144.16,17.98,205.74
Jammu and Kashmir,1999,922.9,1144.16,-19.34,-221.26
Jammu and Kashmir,2000,1006.3,1144.16,-12.05,-137.86
Jammu and Kashmir,2001,934.5,1144.16,-18.32,-209.66
Jammu and Kashmir,2002,888.5,1144.16,-22.34,-255.66
Jammu and Kashmir,2003,1319.9,1144.16,15.36,175.74
Jammu and Kashmir,2004,966.0,1144.16,-15.57,-178.16
Jammu and Kashmir,2005,1440.5,1144.16,25.9,296.34
Jammu and Kashmir,2006,1377.3,1144.16,20.38,233.14
Jammu and Kashmir,2007,1045.4,1144.16,-8.63,-98.76
Jammu and Kashmir,2008,1241.9,1144.16,8.54,97.74
Jammu and Kashmir,2009,1232.4,1144.16,7.71,88.24
Jammu and Kashmir,2010,1251.2,1144.16,9.36,107.04
Jammu and Kashmir,2011,1161.2,1144.16,1.49,17.04
Jammu and Kashmir,2012,1199.1,1144.16,4.8,54.94
Jammu and Kashmir,2013,1282.7,1144.16,12.11,138.54
Jammu and Kashmir,2014,1232.4,1144.16,7.71,88.24
Jammu and Kashmir,2015,1623.2,1144.16,41.87,479.04
Jammu and Kashmir,2016,901.7,1144.16,-21.19,-242.46
Jammu and Kashmir,2017,1278.3,1144.16,11.72,134.14
Jammu and Kashmir,2018,1026.7,1144.16,-10.27,-117.46
Jammu and Kashmir,2019,1313.0,1144.16,14.76,168.84
Jammu and Kashmir,2020,982.2,1144.16,-14.16,-161.96
Jammu and Kashmir,2021,892.5,1144.16,-22.0,-251.66
Jammu and Kashmir,2022,1040.4,1144.16,-9.07,-103.76
Jammu and Kashmir,2023,1198.2,1144.16,4.72,54.04
Jammu and Kashmir,2024,873.1,1144.16,-23.69,-271.06
Jharkhand,1950,1389.4,1296.5,7.17,92.9
Jharkhand,1951,1070.9,1296.5,-17.4,-225.6
Jharkhand,1952,1384.9,1296.5,6.82,88.4
Jharkhand,1953,1505.7,1296.5,16.14,209.2
Jharkhand,1954,1061.5,1296.5,-18.13,-235.0
Jharkhand,1955,1080.2,1296.5,-16.68,-216.3
Jharkhand,1956,1551.4,1296.5,19.66,254.9
Jharkhand,1957,1379.8,1296.5,6.42,83.3
Jharkhand,1958,1180.6,1296.5,-8.94,-115.9
Jharkhand,1959,1600.4,1296.5,23.44,303.9
Jharkhand,1960,1249.8,1296.5,-3.6,-46.7
Jharkhand,1961,1564.0,1296.5,20.63,267.5
Jharkhand,1962,1048.9,1296.5,-19.1,-247.6
Jharkhand,1963,1312.3,1296.5,1.22,15.8
Jharkhand,1964,1153.2,1296.5,-11.05,-143.3
Jharkhand,1965,1010.1,1296.5,-22.09,-286.4
Jharkhand,1966,879.3,1296.5,-32.18,-417.2
Jharkhand,1967,1226.0,1296.5,-5.44,-70.5
Jharkhand,1968,1292.3,1296.5,-0.32,-4.2
Jharkhand,1969,1158.3,1296.5,-10.66,-138.2
Jharkhand,1970,1289.7,1296.5,-0.52,-6.8
Jharkhand,1971,1879.9,1296.5,45.0,583.4
Jharkhand,1972,991.4,1296.5,-23.53,-305.1
Jharkhand,1973,1430.0,1296.5,10.3,133.5
Jharkhand,1974,1127.7,1296.5,-13.02,-168.8
Jharkhand,1975,1303.6,1296.5,0.55,7.1
Jharkhand,1976,1190.9,1296.5,-8.15,-105.6
Jharkhand,1977,1533.7,1296.5,18.3,237.2
Jharkhand,1978,1567.7,1296.5,20.92,271.2
Jharkhand,1979,890.7,1296.5,-31.3,-405.8
Jharkhand,1980,1347.6,1296.5,3.94,51.1
Jharkhand,1981,1178.6,1296.5,-9.09,-117.9
Jharkhand,1982,1098.1,1296.5,-15.3,-198.4
Jharkhand,1983,1273.4,1296.5,-1.78,-23.1
Jharkhand,1984,1539.5,1296.5,18.74,243.0
Jharkhand,1985,1240.2,1296.5,-4.34,-56.3
Jharkhand,1986,1335.6,1296.5,3.02,39.1
Jharkhand,1987,1332.7,1296.5,2.79,36.2
Jharkhand,1988,1153.5,1296.5,-11.03,-143.0
Jharkhand,1989,1156.6,1296.5,-10.79,-139.9
Jharkhand,1990,1405.9,1296.5,8.44,109.4
Jharkhand,1991,1257.6,1296.5,-3.0,-38.9
Jharkhand,1992,937.1,1296.5,-27.72,-359.4
Jharkhand,1993,1208.1,1296.5,-6.82,-88.4
Jharkhand,1994,1578.4,1296.5,21.74,281.9
Jharkhand,1995,1365.3,1296.5,5.31,68.8
Jharkhand,1996,1198.7,1296.5,-7.54,-97.8
Jharkhand,1997,1458.6,1296.5,12.5,162.1
Jharkhand,1998,1351.8,1296.5,4.27,55.3
Jharkhand,1999,1587.9,1296.5,22.48,291.4
Jharkhand,2000,1203.8,1296.5,-7.15,-92.7
Jharkhand,2001,1254.5,1296.5,-3.24,-42.0
Jharkhand,2002,1035.9,1296.5,-20.1,-260.6
Jharkhand,2003,1229.6,1296.5,-5.16,-66.9
Jharkhand,2004,1138.7,1296.5,-12.17,-157.8
Jharkhand,2005,958.2,1296.5,-26.09,-338.3
Jharkhand,2006,1437.4,1296.5,10.87,140.9
Jharkhand,2007,1440.0,1296.5,11.07,143.5
Jharkhand,2008,1325.6,1296.5,2.24,29.1
Jharkhand,2009,1000.0,1296.5,-22.87,-296.5
Jharkhand,2010,732.3,1296.5,-43.52,-564.2
Jharkhand,2011,1373.5,1296.5,5.94,77.0
Jharkhand,2012,1066.2,1296.5,-17.76,-230.3
Jharkhand,2013,1187.1,1296.5,-8.44,-109.4
Jharkhand,2014,1029.9,1296.5,-20.56,-266.6
Jharkhand,2015,1005.4,1296.5,-22.45,-291.1
Jharkhand,2016,1264.1,1296.5,-2.5,-32.4
Jharkhand,2017,1165.9,1296.5,-10.07,-130.6
Jharkhand,2018,945.0,1296.5,-27.11,-351.5
Jharkhand,2019,1137.9,1296.5,-12.23,-158.6
Jharkhand,2020,1222.8,1296.5,-5.68,-73.7
Jharkhand,2021,1444.9,1296.5,11.45,148.4
Jharkhand,2022,1044.5,1296.5,-19.44,-252.0
Jharkhand,2023,1022.1,1296.5,-21.16,-274.4
Jharkhand,2024,1183.0,1296.5,-8.75,-113.5
Karnataka,1950,1809.0666666666666,1726.32,4.79,82.75
Karnataka,1951,1587.0666666666666,1726.32,-8.07,-139.25
Karnataka,1952,1463.8999999999999,1726.32,-15.2,-262.42
Karnataka,1953,1868.5666666666668,1726.32,8.24,142.25
Karnataka,1954,1843.2333333333333,1726.32,6.77,116.91
Karnataka,1955,1837.6666666666667,1726.32,6.45,111.35
Karnataka,1956,2043.4666666666665,1726.32,18.37,317.15
Karnataka,1957,1690.3999999999999,1726.32,-2.08,-35.92
Karnataka,1958,1880.8,1726.32,8.95,154.48
Karnataka,1959,2101.4,1726.32,21.73,375.08
Karnataka,1960,1727.5666666666666,1726.32,0.07,1.25
Karnataka,1961,2568.5666666666666,1726.32,48.79,842.25
Karnataka,1962,2053.2000000000003,1726.32,18.94,326.88
Karnataka,1963,1647.9333333333334,1726.32,-4.54,-78.39
Karnataka,1964,1735.2,1726.32,0.51,8.88
Karnataka,1965,1399.8,1726.32,-18.91,-326.52
Karnataka,1966,1570.5666666666666,1726.32,-9.02,-155.75
Karnataka,1967,1588.5,1726.32,-7.98,-137.82
Karnataka,1968,1729.8,1726.32,0.2,3.48
Karnataka,1969,1726.7333333333333,1726.32,0.02,0.41
Karnataka,1970,1968.7333333333336,1726.32,14.04,242.41
Karnataka,1971,1620.033333333333,1726.32,-6.16,-106.29
Karnataka,1972,1469.9333333333334,1726.32,-14.85,-256.39
Karnataka,1973,1652.7333333333333,1726.32,-4.26,-73.59
Karnataka,1974,1764.0,1726.32,2.18,37.68
Karnataka,1975,2241.5333333333333,1726.32,29.84,515.21
Karnataka,1976,1417.4666666666665,1726.32,-17.89,-308.85
Karnataka,1977,1811.2,1726.32,4.92,84.88
Karnataka,1978,2000.0666666666666,1726.32,15.86,273.75
Karnataka,1979,1634.3999999999999,1726.32,-5.32,-91.92
Karnataka,1980,1890.1000000000001,1726.32,9.49,163.78
Karnataka,1981,1970.0333333333335,1726.32,14.12,243.71
Karnataka,1982,1919.5,1726.32,11.19,193.18
Karnataka,1983,1940.4333333333334,1726.32,12.4,214.11
Karnataka,1984,1681.3999999999999,1726.32,-2.6,-44.92
Karnataka,1985,1459.3666666666668,1726.32,-15.46,-266.95
Karnataka,1986,1529.2666666666667,1726.32,-11.41,-197.05
Karnataka,1987,1462.8333333333333,1726.32,-15.26,-263.49
Karnataka,1988,1761.7,1726.32,2.05,35.38
Karnataka,1989,1600.8,1726.32,-7.27,-125.52
Karnataka,1990,1894.8000000000002,1726.32,9.76,168.48
Karnataka,1991,1884.6000000000001,1726.32,9.17,158.28
Karnataka,1992,1920.4000000000003,1726.32,11.24,194.08
Karnataka,1993,1746.0,1726.32,1.14,19.68
Karnataka,1994,2146.766666666667,1726.32,24.36,420.45
Karnataka,1995,1644.2,1726.32,-4.76,-82.12
Karnataka,1996,1677.2666666666667,1726.32,-2.84,-49.05
Karnataka,1997,2063.8333333333335,1726.32,19.55,337.51
Karnataka,1998,1893.0333333333335,1726.32,9.66,166.71
Karnataka,1999,1859.4000000000003,1726.32,7.71,133.08
Karnataka,2000,1756.1000000000001,1726.32,1.73,29.78
Karnataka,2001,1545.1000000000001,1726.32,-10.5,-181.22
Karnataka,2002,1360.5333333333333,1726.32,-21.19,-365.79
Karnataka,2003,1432.1666666666667,1726.32,-17.04,-294.15
Karnataka,2004,1607.3666666666668,1726.32,-6.89,-118.95
Karnataka,2005,1875.3666666666668,1726.32,8.63,149.05
Karnataka,2006,1839.0333333333335,1726.32,6.53,112.71
Karnataka,2007,1969.1666666666667,1726.32,14.07,242.85
Karnataka,2008,1672.8666666666668,1726.32,-3.1,-53.45
Karnataka,2009,1987.2,1726.32,15.11,260.88
Karnataka,2010,1932.4666666666665,1726.32,11.94,206.15
Karnataka,2011,1870.2,1726.32,8.33,143.88
Karnataka,2012,1513.6000000000001,1726.32,-12.32,-212.72
Karnataka,2013,1895.0,1726.32,9.77,168.68
Karnataka,2014,1749.1666666666667,1726.32,1.32,22.85
Karnataka,2015,1386.7333333333333,1726.32,-19.67,-339.59
Karnataka,2016,1310.6666666666667,1726.32,-24.08,-415.65
Karnataka,2017,1583.0,1726.32,-8.3,-143.32
Karnataka,2018,1714.3999999999999,1726.32,-0.69,-11.92
Karnataka,2019,2194.6,1726.32,27.13,468.28
Karnataka,2020,2137.6666666666665,1726.32,23.83,411.35
Karnataka,2021,2075.0333333333333,1726.32,20.2,348.71
Karnataka,2022,2123.6,1726.32,23.01,397.28
Karnataka,2023,1449.4666666666665,1726.32,-16.04,-276.85
Karnataka,2024,2085.0,1726.32,20.78,358.68
Kerala,1950,3146.5,2917.11,7.86,229.39
Kerala,1951,2705.5,2917.11,-7.25,-211.61
Kerala,1952,2334.8,2917.11,-19.96,-582.31
Kerala,1953,2544.8,2917.11,-12.76,-372.31
Kerala,1954,2937.9,2917.11,0.71,20.79
Kerala,1955,3134.5,2917.11,7.45,217.39
Kerala,1956,2798.3,2917.11,-4.07,-118.81
Kerala,1957,3103.2,2917.11,6.38,186.09
Kerala,1958,2923.0,2917.11,0.2,5.89
Kerala,1959,3745.9,2917.11,28.41,828.79
Kerala,1960,3385.5,2917.11,16.06,468.39
Kerala,1961,4257.8,2917.11,45.96,1340.69
Kerala,1962,3375.6,2917.11,15.72,458.49
Kerala,1963,2651.0,2917.11,-9.12,-266.11
Kerala,1964,2869.1,2917.11,-1.65,-48.01
Kerala,1965,2342.4,2917.11,-19.7,-574.71
Kerala,1966,2621.6,2917.11,-10.13,-295.51
Kerala,1967,2569.0,2917.11,-11.93,-348.11
Kerala,1968,3392.7,2917.11,16.3,475.59
Kerala,1969,2663.6,2917.11,-8.69,-253.51
Kerala,1970,2705.8,2917.11,-7.24,-211.31
Kerala,1971,3084.0,2917.11,5.72,166.89
Kerala,1972,2738.1,2917.11,-6.14,-179.01
Kerala,1973,2412.4,2917.11,-17.3,-504.71
Kerala,1974,2765.2,2917.11,-5.21,-151.91
Kerala,1975,3492.3,2917.11,19.72,575.19
Kerala,1976,2068.9,2917.11,-29.08,-848.21
Kerala,1977,3043.1,2917.11,4.32,125.99
Kerala,1978,3175.1,2917.11,8.84,257.99
Kerala,1979,2537.0,2917.11,-13.03,-380.11
Kerala,1980,2793.6,2917.11,-4.23,-123.51
Kerala,1981,3005.8,2917.11,3.04,88.69
Kerala,1982,2223.2,2917.11,-23.79,-693.91
Kerala,1983,2320.3,2917.11,-20.46,-596.81
Kerala,1984,2762.0,2917.11,-5.32,-155.11
Kerala,1985,2390.4,2917.11,-18.06,-526.71
Kerala,1986,2093.2,2917.11,-28.24,-823.91
Kerala,1987,2097.4,2917.11,-28.1,-819.71
Kerala,1988,2403.4,2917.11,-17.61,-513.71
Kerala,1989,2423.1,2917.11,-16.93,-494.01
Kerala,1990,2623.0,2917.11,-10.08,-294.11
Kerala,1991,3099.2,2917.11,6.24,182.09
Kerala,1992,3176.7,2917.11,8.9,259.59
Kerala,1993,2688.5,2917.11,-7.84,-228.61
Kerala,1994,3371.3,2917.11,15.57,454.19
Kerala,1995,2843.5,2917.11,-2.52,-73.61
Kerala,1996,2566.1,2917.11,-12.03,-351.01
Kerala,1997,3228.9,2917.11,10.69,311.79
Kerala,1998,3142.4,2917.11,7.72,225.29
Kerala,1999,2907.5,2917.11,-0.33,-9.61
Kerala,2000,2398.4,2917.11,-17.78,-518.71
Kerala,2001,2924.4,2917.11,0.25,7.29
Kerala,2002,2508.7,2917.11,-14.0,-408.41
Kerala,2003,2402.8,2917.11,-17.63,-514.31
Kerala,2004,2891.2,2917.11,-0.89,-25.91
Kerala,2005,3105.1,2917.11,6.44,187.99
Kerala,2006,3285.0,2917.11,12.61,367.89
Kerala,2007,3584.8,2917.11,22.89,667.69
Kerala,2008,2546.5,2917.11,-12.7,-370.61
Kerala,2009,2806.7,2917.11,-3.78,-110.41
Kerala,2010,3129.1,2917.11,7.27,211.99
Kerala,2011,3037.3,2917.11,4.12,120.19
Kerala,2012,2164.8,2917.11,-25.79,-752.31
Kerala,2013,3240.6,2917.11,11.09,323.49
Kerala,2014,3034.2,2917.11,4.01,117.09
Kerala,2015,2608.3,2917.11,-10.59,-308.81
Kerala,2016,1870.9,2917.11,-35.86,-1046.21
Kerala,2017,2664.9,2917.11,-8.65,-252.21
Kerala,2018,3519.0,2917.11,20.63,601.89
Kerala,2019,3119.2,2917.11,6.93,202.09
Kerala,2020,2989.8,2917.11,2.49,72.69
Kerala,2021,3606.4,2917.11,23.63,689.29
Kerala,2022,2897.0,2917.11,-0.69,-20.11
Kerala,2023,2203.5,2917.11,-24.46,-713.61
Kerala,2024,2795.6,2917.11,-4.17,-121.51
Lakshadweep,1950,1493.9,1604.66,-6.9,-110.76
Lakshadweep,1951,1715.1,1604.66,6.88,110.44
Lakshadweep,1952,1124.3,1604.66,-29.94,-480.36
Lakshadweep,1953,1605.8,1604.66,0.07,1.14
Lakshadweep,1954,1555.4,1604.66,-3.07,-49.26
Lakshadweep,1955,1548.0,1604.66,-3.53,-56.66
Lakshadweep,1956,1287.3,1604.66,-19.78,-317.36
Lakshadweep,1957,1347.2,1604.66,-16.04,-257.46
Lakshadweep,1958,992.6,1604.66,-38.14,-612.06
Lakshadweep,1959,1583.6,1604.66,-1.31,-21.06
Lakshadweep,1960,1901.6,1604.66,18.5,296.94
Lakshadweep,1961,2235.0,1604.66,39.28,630.34
Lakshadweep,1962,1586.4,1604.66,-1.14,-18.26
Lakshadweep,1963,1901.8,1604.66,18.52,297.14
Lakshadweep,1964,1651.5,1604.66,2.92,46.84
Lakshadweep,1965,1405.9,1604.66,-12.39,-198.76
Lakshadweep,1966,1741.5,1604.66,8.53,136.84
Lakshadweep,1967,1287.3,1604.66,-19.78,-317.36
Lakshadweep,1968,1344.4,1604.66,-16.22,-260.26
Lakshadweep,1969,1416.0,1604.66,-11.76,-188.66
Lakshadweep,1970,1782.9,1604.66,11.11,178.24
Lakshadweep,1971,1901.2,1604.66,18.48,296.54
Lakshadweep,1972,1287.6,1604.66,-19.76,-317.06
Lakshadweep,1973,1557.1,1604.66,-2.96,-47.56
Lakshadweep,1974,1511.3,1604.66,-5.82,-93.36
Lakshadweep,1975,1890.3,1604.66,17.8,285.64
Lakshadweep,1976,1502.1,1604.66,-6.39,-102.56
Lakshadweep,1977,1848.1,1604.66,15.17,243.44
Lakshadweep,1978,1967.4,1604.66,22.61,362.74
Lakshadweep,1979,1825.5,1604.66,13.76,220.84
Lakshadweep,1980,1211.7,1604.66,-24.49,-392.96
Lakshadweep,1981,1616.8,1604.66,0.76,12.14
Lakshadweep,1982,1391.8,1604.66,-13.27,-212.86
Lakshadweep,1983,1403.0,1604.66,-12.57,-201.66
Lakshadweep,1984,1591.1,1604.66,-0.85,-13.56
Lakshadweep,1985,1303.1,1604.66,-18.79,-301.56
Lakshadweep,1986,1465.7,1604.66,-8.66,-138.96
Lakshadweep,1987,1288.2,1604.66,-19.72,-316.46
Lakshadweep,1988,1450.2,1604.66,-9.63,-154.46
Lakshadweep,1989,1714.3,1604.66,6.83,109.64
Lakshadweep,1990,1310.3,1604.66,-18.34,-294.36
Lakshadweep,1991,1583.0,1604.66,-1.35,-21.66
Lakshadweep,1992,1534.9,1604.66,-4.35,-69.76
Lakshadweep,1993,1449.5,1604.66,-9.67,-155.16
Lakshadweep,1994,1547.1,1604.66,-3.59,-57.56
Lakshadweep,1995,1733.0,1604.66,8.0,128.34
Lakshadweep,1996,1605.9,1604.66,0.08,1.24
Lakshadweep,1997,1764.2,1604.66,9.94,159.54
Lakshadweep,1998,1986.7,1604.66,23.81,382.04
Lakshadweep,1999,1857.1,1604.66,15.73,252.44
Lakshadweep,2000,1371.7,1604.66,-14.52,-232.96
Lakshadweep,2001,1380.4,1604.66,-13.98,-224.26
Lakshadweep,2002,1033.4,1604.66,-35.6,-571.26
Lakshadweep,2003,1532.9,1604.66,-4.47,-71.76
Lakshadweep,2004,2096.9,1604.66,30.68,492.24
Lakshadweep,2005,1575.4,1604.66,-1.82,-29.26
Lakshadweep,2006,1598.4,1604.66,-0.39,-6.26
Lakshadweep,2007,2356.2,1604.66,46.83,751.54
Lakshadweep,2008,1726.6,1604.66,7.6,121.94
Lakshadweep,2009,1569.8,1604.66,-2.17,-34.86
Lakshadweep,2010,1725.1,1604.66,7.51,120.44
Lakshadweep,2011,1533.6,1604.66,-4.43,-71.06
Lakshadweep,2012,1405.2,1604.66,-12.43,-199.46
Lakshadweep,2013,1403.8,1604.66,-12.52,-200.86
Lakshadweep,2014,1396.1,1604.66,-13.0,-208.56
Lakshadweep,2015,1660.2,1604.66,3.46,55.54
Lakshadweep,2016,1065.7,1604.66,-33.59,-538.96
Lakshadweep,2017,1738.9,1604.66,8.37,134.24
Lakshadweep,2018,1438.2,1604.66,-10.37,-166.46
Lakshadweep,2019,2143.1,1604.66,33.55,538.44
Lakshadweep,2020,1884.8,1604.66,17.46,280.14
Lakshadweep,2021,1898.6,1604.66,18.32,293.94
Lakshadweep,2022,2095.9,1604.66,30.61,491.24
Lakshadweep,2023,1455.9,1604.66,-9.27,-148.76
Lakshadweep,2024,2144.1,1604.66,33.62,539.44
Madhya Pradesh,1950,1045.25,1079.0,-3.13,-33.75
Madhya Pradesh,1951,910.55,1079.0,-15.61,-168.45
Madhya Pradesh,1952,992.6500000000001,1079.0,-8.0,-86.35
Madhya Pradesh,1953,902.35,1079.0,-16.37,-176.65
Madhya Pradesh,1954,1092.75,1079.0,1.27,13.75
Madhya Pradesh,1955,1287.75,1079.0,19.35,208.75
Madhya Pradesh,1956,1293.5,1079.0,19.88,214.5
Madhya Pradesh,1957,916.75,1079.0,-15.04,-162.25
Madhya Pradesh,1958,1138.25,1079.0,5.49,59.25
Madhya Pradesh,1959,1254.2,1079.0,16.24,175.2
Madhya Pradesh,1960,1070.0,1079.0,-0.83,-9.0
Madhya Pradesh,1961,1517.4,1079.0,40.63,438.4
Madhya Pradesh,1962,994.6999999999999,1079.0,-7.81,-84.3
Madhya Pradesh,1963,1015.3,1079.0,-5.9,-63.7
Madhya Pradesh,1964,1036.35,1079.0,-3.95,-42.65
Madhya Pradesh,1965,645.9000000000001,1079.0,-40.14,-433.1
Madhya Pradesh,1966,766.15,1079.0,-28.99,-312.85
Madhya Pradesh,1967,1175.55,1079.0,8.95,96.55
Madhya Pradesh,1968,918.0999999999999,1079.0,-14.91,-160.9
Madhya Pradesh,1969,1178.0,1079.0,9.18,99.0
Madhya Pradesh,1970,1226.75,1079.0,13.69,147.75
Madhya Pradesh,1971,1327.5,1079.0,23.03,248.5
Madhya Pradesh,1972,902.5999999999999,1079.0,-16.35,-176.4
Madhya Pradesh,1973,1331.45,1079.0,23.4,252.45
Madhya Pradesh,1974,923.7,1079.0,-14.39,-155.3
Madhya Pradesh,1975,1249.7,1079.0,15.82,170.7
Madhya Pradesh,1976,1042.0,1079.0,-3.43,-37.0
Madhya Pradesh,1977,1186.6,1079.0,9.97,107.6
Madhya Pradesh,1978,1198.15,1079.0,11.04,119.15
Madhya Pradesh,1979,795.9,1079.0,-26.24,-283.1
Madhya Pradesh,1980,1121.85,1079.0,3.97,42.85
Madhya Pradesh,1981,963.15,1079.0,-10.74,-115.85
Madhya Pradesh,1982,1114.75,1079.0,3.31,35.75
Madhya Pradesh,1983,1166.65,1079.0,8.12,87.65
Madhya Pradesh,1984,988.45,1079.0,-8.39,-90.55
Madhya Pradesh,1985,1016.8000000000001,1079.0,-5.76,-62.2
Madhya Pradesh,1986,989.65,1079.0,-8.28,-89.35
Madhya Pradesh,1987,947.4,1079.0,-12.2,-131.6
Madhya Pradesh,1988,995.0999999999999,1079.0,-7.78,-83.9
Madhya Pradesh,1989,840.3,1079.0,-22.12,-238.7
Madhya Pradesh,1990,1258.4499999999998,1079.0,16.63,179.45
Madhya Pradesh,1991,883.95,1079.0,-18.08,-195.05
Madhya Pradesh,1992,904.35,1079.0,-16.19,-174.65
Madhya Pradesh,1993,1079.25,1079.0,0.02,0.25
Madhya Pradesh,1994,1361.9,1079.0,26.22,282.9
Madhya Pradesh,1995,951.45,1079.0,-11.82,-127.55
Madhya Pradesh,1996,1039.2,1079.0,-3.69,-39.8
Madhya Pradesh,1997,1207.7,1079.0,11.93,128.7
Madhya Pradesh,1998,973.0999999999999,1079.0,-9.81,-105.9
Madhya Pradesh,1999,1249.35,1079.0,15.79,170.35
Madhya Pradesh,2000,876.1,1079.0,-18.8,-202.9
Madhya Pradesh,2001,961.15,1079.0,-10.92,-117.85
Madhya Pradesh,2002,817.65,1079.0,-24.22,-261.35
Madhya Pradesh,2003,1190.9,1079.0,10.37,111.9
Madhya Pradesh,2004,904.7,1079.0,-16.15,-174.3
Madhya Pradesh,2005,1060.6999999999998,1079.0,-1.7,-18.3
Madhya Pradesh,2006,1004.75,1079.0,-6.88,-74.25
Madhya Pradesh,2007,731.9000000000001,1079.0,-32.17,-347.1
Madhya Pradesh,2008,897.75,1079.0,-16.8,-181.25
Madhya Pradesh,2009,909.5,1079.0,-15.71,-169.5
Madhya Pradesh,2010,867.5,1079.0,-19.6,-211.5
Madhya Pradesh,2011,1175.45,1079.0,8.94,96.45
Madhya Pradesh,2012,1047.95,1079.0,-2.88,-31.05
Madhya Pradesh,2013,1437.3,1079.0,33.21,358.3
Madhya Pradesh,2014,889.95,1079.0,-17.52,-189.05
Madhya Pradesh,2015,928.0,1079.0,-13.99,-151.0
Madhya Pradesh,2016,1221.2,1079.0,13.18,142.2
Madhya Pradesh,2017,805.6,1079.0,-25.34,-273.4
Madhya Pradesh,2018,903.2,1079.0,-16.29,-175.8
Madhya Pradesh,2019,1444.0500000000002,1079.0,33.83,365.05
Madhya Pradesh,2020,1115.1,1079.0,3.35,36.1
Madhya Pradesh,2021,1081.35,1079.0,0.22,2.35
Madhya Pradesh,2022,1307.35,1079.0,21.16,228.35
Madhya Pradesh,2023,1085.4499999999998,1079.0,0.6,6.45
Madhya Pradesh,2024,1232.85,1079.0,14.26,153.85
Maharashtra,1950,794.4666666666667,927.14,-14.31,-132.67
Maharashtra,1951,870.1666666666666,927.14,-6.15,-56.97
Maharashtra,1952,679.0,927.14,-26.76,-248.14
Maharashtra,1953,974.1666666666666,927.14,5.07,47.03
Maharashtra,1954,995.0333333333334,927.14,7.32,67.89
Maharashtra,1955,1166.9666666666667,927.14,25.87,239.83
Maharashtra,1956,1131.8333333333333,927.14,22.08,204.69
Maharashtra,1957,940.4333333333334,927.14,1.43,13.29
Maharashtra,1958,1083.5666666666666,927.14,16.87,156.43
Maharashtra,1959,1225.1666666666667,927.14,32.14,298.03
Maharashtra,1960,896.3333333333334,927.14,-3.32,-30.81
Maharashtra,1961,1156.7333333333333,927.14,24.76,229.59
Maharashtra,1962,999.0666666666666,927.14,7.76,71.93
Maharashtra,1963,1016.2333333333332,927.14,9.61,89.09
Maharashtra,1964,912.3000000000001,927.14,-1.6,-14.84
Maharashtra,1965,721.8000000000001,927.14,-22.15,-205.34
Maharashtra,1966,862.4,927.14,-6.98,-64.74
Maharashtra,1967,933.6666666666666,927.14,0.7,6.53
Maharashtra,1968,819.7333333333332,927.14,-11.58,-107.41
Maharashtra,1969,931.9,927.14,0.51,4.76
Maharashtra,1970,1030.9666666666665,927.14,11.2,103.83
Maharashtra,1971,754.5,927.14,-18.62,-172.64
Maharashtra,1972,535.8666666666667,927.14,-42.2,-391.27
Maharashtra,1973,1004.6999999999999,927.14,8.37,77.56
Maharashtra,1974,801.0666666666666,927.14,-13.6,-126.07
Maharashtra,1975,1138.5666666666666,927.14,22.8,211.43
Maharashtra,1976,874.4666666666667,927.14,-5.68,-52.67
Maharashtra,1977,927.6333333333333,927.14,0.05,0.49
Maharashtra,1978,972.5,927.14,4.89,45.36
Maharashtra,1979,973.7999999999998,927.14,5.03,46.66
Maharashtra,1980,931.6333333333333,927.14,0.48,4.49
Maharashtra,1981,978.2666666666668,927.14,5.51,51.13
Maharashtra,1982,748.1333333333333,927.14,-19.31,-179.01
Maharashtra,1983,1115.5666666666666,927.14,20.32,188.43
Maharashtra,1984,714.3666666666667,927.14,-22.95,-212.77
Maharashtra,1985,702.7666666666668,927.14,-24.2,-224.37
Maharashtra,1986,787.9333333333334,927.14,-15.01,-139.21
Maharashtra,1987,805.4666666666667,927.14,-13.12,-121.67
Maharashtra,1988,1151.7666666666667,927.14,24.23,224.63
Maharashtra,1989,960.8000000000001,927.14,3.63,33.66
Maharashtra,1990,1251.0,927.14,34.93,323.86
Maharashtra,1991,774.0666666666666,927.14,-16.51,-153.07
Maharashtra,1992,883.7666666666668,927.14,-4.68,-43.37
Maharashtra,1993,954.8333333333334,927.14,2.99,27.69
Maharashtra,1994,1012.3333333333334,927.14,9.19,85.19
Maharashtra,1995,893.5333333333333,927.14,-3.62,-33.61
Maharashtra,1996,897.3666666666667,927.14,-3.21,-29.77
Maharashtra,1997,942.6,927.14,1.67,15.46
Maharashtra,1998,1111.1666666666667,927.14,19.85,184.03
Maharashtra,1999,960.5333333333333,927.14,3.6,33.39
Maharashtra,2000,837.8666666666667,927.14,-9.63,-89.27
Maharashtra,2001,885.8666666666667,927.14,-4.45,-41.27
Maharashtra,2002,802.0333333333333,927.14,-13.49,-125.11
Maharashtra,2003,831.4,927.14,-10.33,-95.74
Maharashtra,2004,808.1333333333333,927.14,-12.84,-119.01
Maharashtra,2005,1126.2,927.14,21.47,199.06
Maharashtra,2006,1163.8666666666666,927.14,25.53,236.73
Maharashtra,2007,972.6999999999999,927.14,4.91,45.56
Maharashtra,2008,810.6333333333333,927.14,-12.57,-116.51
Maharashtra,2009,796.3333333333334,927.14,-14.11,-130.81
Maharashtra,2010,1124.6666666666667,927.14,21.3,197.53
Maharashtra,2011,813.9666666666667,927.14,-12.21,-113.17
Maharashtra,2012,772.6333333333333,927.14,-16.66,-154.51
Maharashtra,2013,1133.4333333333334,927.14,22.25,206.29
Maharashtra,2014,694.8666666666667,927.14,-25.05,-232.27
Maharashtra,2015,677.8333333333334,927.14,-26.89,-249.31
Maharashtra,2016,1024.6000000000001,927.14,10.51,97.46
Maharashtra,2017,857.0,927.14,-7.57,-70.14
Maharashtra,2018,749.6333333333333,927.14,-19.15,-177.51
Maharashtra,2019,1137.2333333333333,927.14,22.66,210.09
Maharashtra,2020,1045.8666666666666,927.14,12.81,118.73
Maharashtra,2021,1131.4333333333334,927.14,22.03,204.29
Maharashtra,2022,1133.8333333333333,927.14,22.29,206.69
Maharashtra,2023,839.8000000000001,927.14,-9.42,-87.34
Maharashtra,2024,1067.4,927.14,15.13,140.26
Maharashtra-Goa,1950,2969.9,3022.07,-1.73,-52.17
Maharashtra-Goa,1951,2774.6,3022.07,-8.19,-247.47
Maharashtra-Goa,1952,2502.0,3022.07,-17.21,-520.07
Maharashtra-Goa,1953,3334.1,3022.07,10.33,312.03
Maharashtra-Goa,1954,3818.1,3022.07,26.34,796.03
Maharashtra-Goa,1955,3879.1,3022.07,28.36,857.03
Maharashtra-Goa,1956,3714.1,3022.07,22.9,692.03
Maharashtra-Goa,1957,3058.6,3022.07,1.21,36.53
Maharashtra-Goa,1958,4019.3,3022.07,33.0,997.23
Maharashtra-Goa,1959,3681.4,3022.07,21.82,659.33
Maharashtra-Goa,1960,3092.3,3022.07,2.32,70.23
Maharashtra-Goa,1961,3852.1,3022.07,27.47,830.03
Maharashtra-Goa,1962,3427.9,3022.07,13.43,405.83
Maharashtra-Goa,1963,3648.9,3022.07,20.74,626.83
Maharashtra-Goa,1964,3276.7,3022.07,8.43,254.63
Maharashtra-Goa,1965,2935.1,3022.07,-2.88,-86.97
Maharashtra-Goa,1966,2462.2,3022.07,-18.53,-559.87
Maharashtra-Goa,1967,2803.2,3022.07,-7.24,-218.87
Maharashtra-Goa,1968,2403.6,3022.07,-20.47,-618.47
Maharashtra-Goa,1969,3149.7,3022.07,4.22,127.63
Maharashtra-Goa,1970,3609.4,3022.07,19.43,587.33
Maharashtra-Goa,1971,2734.2,3022.07,-9.53,-287.87
Maharashtra-Goa,1972,1880.7,3022.07,-37.77,-1141.37
Maharashtra-Goa,1973,2859.6,3022.07,-5.38,-162.47
Maharashtra-Goa,1974,3060.9,3022.07,1.28,38.83
Maharashtra-Goa,1975,3478.0,3022.07,15.09,455.93
Maharashtra-Goa,1976,3098.7,3022.07,2.54,76.63
Maharashtra-Goa,1977,3061.3,3022.07,1.3,39.23
Maharashtra-Goa,1978,2836.1,3022.07,-6.15,-185.97
Maharashtra-Goa,1979,2520.6,3022.07,-16.59,-501.47
Maharashtra-Goa,1980,2756.9,3022.07,-8.77,-265.17
Maharashtra-Goa,1981,3233.3,3022.07,6.99,211.23
Maharashtra-Goa,1982,2692.8,3022.07,-10.9,-329.27
Maharashtra-Goa,1983,3818.3,3022.07,26.35,796.23
Maharashtra-Goa,1984,2576.5,3022.07,-14.74,-445.57
Maharashtra-Goa,1985,3046.8,3022.07,0.82,24.73
Maharashtra-Goa,1986,2104.0,3022.07,-30.38,-918.07
Maharashtra-Goa,1987,2625.9,3022.07,-13.11,-396.17
Maharashtra-Goa,1988,3263.4,3022.07,7.99,241.33
Maharashtra-Goa,1989,2730.0,3022.07,-9.66,-292.07
Maharashtra-Goa,1990,3480.6,3022.07,15.17,458.53
Maharashtra-Goa,1991,2892.0,3022.07,-4.3,-130.07
Maharashtra-Goa,1992,2814.7,3022.07,-6.86,-207.37
Maharashtra-Goa,1993,3412.0,3022.07,12.9,389.93
Maharashtra-Goa,1994,3132.3,3022.07,3.65,110.23
Maharashtra-Goa,1995,2722.4,3022.07,-9.92,-299.67
Maharashtra-Goa,1996,2836.3,3022.07,-6.15,-185.77
Maharashtra-Goa,1997,2983.7,3022.07,-1.27,-38.37
Maharashtra-Goa,1998,3260.4,3022.07,7.89,238.33
Maharashtra-Goa,1999,2891.4,3022.07,-4.32,-130.67
Maharashtra-Goa,2000,3123.4,3022.07,3.35,101.33
Maharashtra-Goa,2001,2389.3,3022.07,-20.94,-632.77
Maharashtra-Goa,2002,2488.6,3022.07,-17.65,-533.47
Maharashtra-Goa,2003,2819.6,3022.07,-6.7,-202.47
Maharashtra-Goa,2004,2937.5,3022.07,-2.8,-84.57
Maharashtra-Goa,2005,3547.5,3022.07,17.39,525.43
Maharashtra-Goa,2006,3497.3,3022.07,15.73,475.23
Maharashtra-Goa,2007,3452.1,3022.07,14.23,430.03
Maharashtra-Goa,2008,3052.8,3022.07,1.02,30.73
Maharashtra-Goa,2009,2774.2,3022.07,-8.2,-247.87
Maharashtra-Goa,2010,3786.6,3022.07,25.3,764.53
Maharashtra-Goa,2011,3832.5,3022.07,26.82,810.43
Maharashtra-Goa,2012,2953.1,3022.07,-2.28,-68.97
Maharashtra-Goa,2013,3568.9,3022.07,18.09,546.83
Maharashtra-Goa,2014,2745.8,3022.07,-9.14,-276.27
Maharashtra-Goa,2015,2086.7,3022.07,-30.95,-935.37
Maharashtra-Goa,2016,3653.9,3022.07,20.91,631.83
Maharashtra-Goa,2017,3438.9,3022.07,13.79,416.83
Maharashtra-Goa,2018,2957.5,3022.07,-2.14,-64.57
Maharashtra-Goa,2019,4657.8,3022.07,54.13,1635.73
Maharashtra-Goa,2020,3900.9,3022.07,29.08,878.83
Maharashtra-Goa,2021,4015.9,3022.07,32.89,993.83
Maharashtra-Goa,2022,3337.4,3022.07,10.43,315.33
Maharashtra-Goa,2023,3317.9,3022.07,9.79,295.83
Maharashtra-Goa,2024,3993.8,3022.07,32.15,971.73
Nagaland-Manipur-Mizoram-Tripura,1950,2452.3,2426.62,1.06,25.68
Nagaland-Manipur-Mizoram-Tripura,1951,2597.2,2426.62,7.03,170.58
Nagaland-Manipur-Mizoram-Tripura,1952,2838.8,2426.62,16.99,412.18
Nagaland-Manipur-Mizoram-Tripura,1953,2677.6,2426.62,10.34,250.98
Nagaland-Manipur-Mizoram-Tripura,1954,2937.3,2426.62,21.04,510.68
Nagaland-Manipur-Mizoram-Tripura,1955,2839.7,2426.62,17.02,413.08
Nagaland-Manipur-Mizoram-Tripura,1956,3075.7,2426.62,26.75,649.08
Nagaland-Manipur-Mizoram-Tripura,1957,2338.4,2426.62,-3.64,-88.22
Nagaland-Manipur-Mizoram-Tripura,1958,2001.7,2426.62,-17.51,-424.92
Nagaland-Manipur-Mizoram-Tripura,1959,2370.1,2426.62,-2.33,-56.52
Nagaland-Manipur-Mizoram-Tripura,1960,1783.7,2426.62,-26.49,-642.92
Nagaland-Manipur-Mizoram-Tripura,1961,1916.3,2426.62,-21.03,-510.32
Nagaland-Manipur-Mizoram-Tripura,1962,1832.5,2426.62,-24.48,-594.12
Nagaland-Manipur-Mizoram-Tripura,1963,3273.0,2426.62,34.88,846.38
Nagaland-Manipur-Mizoram-Tripura,1964,2346.7,2426.62,-3.29,-79.92
Nagaland-Manipur-Mizoram-Tripura,1965,2020.9,2426.62,-16.72,-405.72
Nagaland-Manipur-Mizoram-Tripura,1966,2457.7,2426.62,1.28,31.08
Nagaland-Manipur-Mizoram-Tripura,1967,2285.9,2426.62,-5.8,-140.72
Nagaland-Manipur-Mizoram-Tripura,1968,2199.2,2426.62,-9.37,-227.42
Nagaland-Manipur-Mizoram-Tripura,1969,3783.7,2426.62,55.92,1357.08
Nagaland-Manipur-Mizoram-Tripura,1970,4950.5,2426.62,104.01,2523.88
Nagaland-Manipur-Mizoram-Tripura,1971,3397.2,2426.62,40.0,970.58
Nagaland-Manipur-Mizoram-Tripura,1972,1385.0,2426.62,-42.92,-1041.62
Nagaland-Manipur-Mizoram-Tripura,1973,2164.7,2426.62,-10.79,-261.92
Nagaland-Manipur-Mizoram-Tripura,1974,2423.5,2426.62,-0.13,-3.12
Nagaland-Manipur-Mizoram-Tripura,1975,2288.6,2426.62,-5.69,-138.02
Nagaland-Manipur-Mizoram-Tripura,1976,2797.3,2426.62,15.28,370.68
Nagaland-Manipur-Mizoram-Tripura,1977,2425.9,2426.62,-0.03,-0.72
Nagaland-Manipur-Mizoram-Tripura,1978,2214.9,2426.62,-8.72,-211.72
Nagaland-Manipur-Mizoram-Tripura,1979,1763.1,2426.62,-27.34,-663.52
Nagaland-Manipur-Mizoram-Tripura,1980,2275.8,2426.62,-6.22,-150.82
Nagaland-Manipur-Mizoram-Tripura,1981,2017.4,2426.62,-16.86,-409.22
Nagaland-Manipur-Mizoram-Tripura,1982,1969.3,2426.62,-18.85,-457.32
Nagaland-Manipur-Mizoram-Tripura,1983,2651.1,2426.62,9.25,224.48
Nagaland-Manipur-Mizoram-Tripura,1984,2311.6,2426.62,-4.74,-115.02
Nagaland-Manipur-Mizoram-Tripura,1985,2110.3,2426.62,-13.04,-316.32
Nagaland-Manipur-Mizoram-Tripura,1986,2316.5,2426.62,-4.54,-110.12
Nagaland-Manipur-Mizoram-Tripura,1987,2401.5,2426.62,-1.04,-25.12
Nagaland-Manipur-Mizoram-Tripura,1988,2804.7,2426.62,15.58,378.08
Nagaland-Manipur-Mizoram-Tripura,1989,2395.5,2426.62,-1.28,-31.12
Nagaland-Manipur-Mizoram-Tripura,1990,2658.1,2426.62,9.54,231.48
Nagaland-Manipur-Mizoram-Tripura,1991,2910.7,2426.62,19.95,484.08
Nagaland-Manipur-Mizoram-Tripura,1992,2196.7,2426.62,-9.47,-229.92
Nagaland-Manipur-Mizoram-Tripura,1993,2875.4,2426.62,18.49,448.78
Nagaland-Manipur-Mizoram-Tripura,1994,1700.4,2426.62,-29.93,-726.22
Nagaland-Manipur-Mizoram-Tripura,1995,2295.6,2426.62,-5.4,-131.02
Nagaland-Manipur-Mizoram-Tripura,1996,2156.9,2426.62,-11.12,-269.72
Nagaland-Manipur-Mizoram-Tripura,1997,2209.5,2426.62,-8.95,-217.12
Nagaland-Manipur-Mizoram-Tripura,1998,2216.1,2426.62,-8.68,-210.52
Nagaland-Manipur-Mizoram-Tripura,1999,2217.9,2426.62,-8.6,-208.72
Nagaland-Manipur-Mizoram-Tripura,2000,2374.6,2426.62,-2.14,-52.02
Nagaland-Manipur-Mizoram-Tripura,2001,2138.2,2426.62,-11.89,-288.42
Nagaland-Manipur-Mizoram-Tripura,2002,2202.4,2426.62,-9.24,-224.22
Nagaland-Manipur-Mizoram-Tripura,2003,2137.8,2426.62,-11.9,-288.82
Nagaland-Manipur-Mizoram-Tripura,2004,2339.7,2426.62,-3.58,-86.92
Nagaland-Manipur-Mizoram-Tripura,2005,1910.1,2426.62,-21.29,-516.52
Nagaland-Manipur-Mizoram-Tripura,2006,1906.2,2426.62,-21.45,-520.42
Nagaland-Manipur-Mizoram-Tripura,2007,2616.7,2426.62,7.83,190.08
Nagaland-Manipur-Mizoram-Tripura,2008,1761.0,2426.62,-27.43,-665.62
Nagaland-Manipur-Mizoram-Tripura,2009,1755.5,2426.62,-27.66,-671.12
Nagaland-Manipur-Mizoram-Tripura,2010,2314.3,2426.62,-4.63,-112.32
Nagaland-Manipur-Mizoram-Tripura,2011,1934.5,2426.62,-20.28,-492.12
Nagaland-Manipur-Mizoram-Tripura,2012,1958.0,2426.62,-19.31,-468.62
Nagaland-Manipur-Mizoram-Tripura,2013,1992.4,2426.62,-17.89,-434.22
Nagaland-Manipur-Mizoram-Tripura,2014,1596.6,2426.62,-34.2,-830.02
Nagaland-Manipur-Mizoram-Tripura,2015,1901.8,2426.62,-21.63,-524.82
Nagaland-Manipur-Mizoram-Tripura,2016,2009.1,2426.62,-17.21,-417.52
Nagaland-Manipur-Mizoram-Tripura,2017,2778.3,2426.62,14.49,351.68
Nagaland-Manipur-Mizoram-Tripura,2018,1619.3,2426.62,-33.27,-807.32
Nagaland-Manipur-Mizoram-Tripura,2019,1699.5,2426.62,-29.96,-727.12
Nagaland-Manipur-Mizoram-Tripura,2020,1681.1,2426.62,-30.72,-745.52
Nagaland-Manipur-Mizoram-Tripura,2021,1424.0,2426.62,-41.32,-1002.62
Nagaland-Manipur-Mizoram-Tripura,2022,1564.6,2426.62,-35.52,-862.02
Nagaland-Manipur-Mizoram-Tripura,2023,1369.7,2426.62,-43.56,-1056.92
Nagaland-Manipur-Mizoram-Tripura,2024,1739.8,2426.62,-28.3,-686.82
Odisha,1950,1393.5,1458.48,-4.46,-64.98
Odisha,1951,1396.2,1458.48,-4.27,-62.28
Odisha,1952,1516.6,1458.48,3.98,58.12
Odisha,1953,1437.7,1458.48,-1.42,-20.78
Odisha,1954,1205.6,1458.48,-17.34,-252.88
Odisha,1955,1595.0,1458.48,9.36,136.52
Odisha,1956,1881.2,1458.48,28.98,422.72
Odisha,1957,1276.9,1458.48,-12.45,-181.58
Odisha,1958,1627.6,1458.48,11.6,169.12
Odisha,1959,1495.8,1458.48,2.56,37.32
Odisha,1960,1592.8,1458.48,9.21,134.32
Odisha,1961,1945.2,1458.48,33.37,486.72
Odisha,1962,1346.4,1458.48,-7.68,-112.08
Odisha,1963,1561.9,1458.48,7.09,103.42
Odisha,1964,1349.0,1458.48,-7.51,-109.48
Odisha,1965,1174.6,1458.48,-19.46,-283.88
Odisha,1966,1286.7,1458.48,-11.78,-171.78
Odisha,1967,1428.3,1458.48,-2.07,-30.18
Odisha,1968,1464.0,1458.48,0.38,5.52
Odisha,1969,1283.1,1458.48,-12.02,-175.38
Odisha,1970,1412.3,1458.48,-3.17,-46.18
Odisha,1971,1596.7,1458.48,9.48,138.22
Odisha,1972,1324.9,1458.48,-9.16,-133.58
Odisha,1973,1573.4,1458.48,7.88,114.92
Odisha,1974,987.1,1458.48,-32.32,-471.38
Odisha,1975,1391.9,1458.48,-4.57,-66.58
Odisha,1976,1178.8,1458.48,-19.18,-279.68
Odisha,1977,1477.8,1458.48,1.32,19.32
Odisha,1978,1437.2,1458.48,-1.46,-21.28
Odisha,1979,995.8,1458.48,-31.72,-462.68
Odisha,1980,1462.0,1458.48,0.24,3.52
Odisha,1981,1295.0,1458.48,-11.21,-163.48
Odisha,1982,1258.5,1458.48,-13.71,-199.98
Odisha,1983,1431.9,1458.48,-1.82,-26.58
Odisha,1984,1377.5,1458.48,-5.55,-80.98
Odisha,1985,1606.3,1458.48,10.14,147.82
Odisha,1986,1558.9,1458.48,6.89,100.42
Odisha,1987,1097.9,1458.48,-24.72,-360.58
Odisha,1988,1305.0,1458.48,-10.52,-153.48
Odisha,1989,1298.6,1458.48,-10.96,-159.88
Odisha,1990,1905.2,1458.48,30.63,446.72
Odisha,1991,1470.3,1458.48,0.81,11.82
Odisha,1992,1328.1,1458.48,-8.94,-130.38
Odisha,1993,1389.0,1458.48,-4.76,-69.48
Odisha,1994,1740.1,1458.48,19.31,281.62
Odisha,1995,1605.7,1458.48,10.09,147.22
Odisha,1996,1058.6,1458.48,-27.42,-399.88
Odisha,1997,1499.0,1458.48,2.78,40.52
Odisha,1998,1275.8,1458.48,-12.53,-182.68
Odisha,1999,1434.7,1458.48,-1.63,-23.78
Odisha,2000,1095.2,1458.48,-24.91,-363.28
Odisha,2001,1670.3,1458.48,14.52,211.82
Odisha,2002,1100.3,1458.48,-24.56,-358.18
Odisha,2003,1652.0,1458.48,13.27,193.52
Odisha,2004,1297.0,1458.48,-11.07,-161.48
Odisha,2005,1499.0,1458.48,2.78,40.52
Odisha,2006,1715.6,1458.48,17.63,257.12
Odisha,2007,1628.9,1458.48,11.68,170.42
Odisha,2008,1543.1,1458.48,5.8,84.62
Odisha,2009,1329.4,1458.48,-8.85,-129.08
Odisha,2010,1294.3,1458.48,-11.26,-164.18
Odisha,2011,1345.6,1458.48,-7.74,-112.88
Odisha,2012,1400.7,1458.48,-3.96,-57.78
Odisha,2013,1673.2,1458.48,14.72,214.72
Odisha,2014,1575.7,1458.48,8.04,117.22
Odisha,2015,1223.4,1458.48,-16.12,-235.08
Odisha,2016,1253.5,1458.48,-14.05,-204.98
Odisha,2017,1344.5,1458.48,-7.81,-113.98
Odisha,2018,1630.0,1458.48,11.76,171.52
Odisha,2019,1594.0,1458.48,9.29,135.52
Odisha,2020,1635.9,1458.48,12.16,177.42
Odisha,2021,1420.9,1458.48,-2.58,-37.58
Odisha,2022,1466.7,1458.48,0.56,8.22
Odisha,2024,1372.9,1458.48,-5.87,-85.58
Punjab,1950,989.3,589.76,67.75,399.54
Punjab,1951,488.5,589.76,-17.17,-101.26
Punjab,1952,563.4,589.76,-4.47,-26.36
Punjab,1953,588.3,589.76,-0.25,-1.46
Punjab,1954,623.0,589.76,5.64,33.24
Punjab,1955,964.1,589.76,63.47,374.34
Punjab,1956,744.5,589.76,26.24,154.74
Punjab,1957,697.6,589.76,18.29,107.84
Punjab,1958,811.0,589.76,37.51,221.24
Punjab,1959,703.1,589.76,19.22,113.34
Punjab,1960,606.8,589.76,2.89,17.04
Punjab,1961,700.1,589.76,18.71,110.34
Punjab,1962,764.6,589.76,29.65,174.84
Punjab,1963,463.4,589.76,-21.43,-126.36
Punjab,1964,697.3,589.76,18.23,107.54
Punjab,1965,411.1,589.76,-30.29,-178.66
Punjab,1966,634.3,589.76,7.55,44.54
Punjab,1967,663.2,589.76,12.45,73.44
Punjab,1968,527.3,589.76,-10.59,-62.46
Punjab,1969,482.2,589.76,-18.24,-107.56
Punjab,1970,638.6,589.76,8.28,48.84
Punjab,1971,680.0,589.76,15.3,90.24
Punjab,1972,457.4,589.76,-22.44,-132.36
Punjab,1973,713.0,589.76,20.9,123.24
Punjab,1974,343.7,589.76,-41.72,-246.06
Punjab,1975,703.3,589.76,19.25,113.54
Punjab,1976,785.2,589.76,33.14,195.44
Punjab,1977,698.7,589.76,18.47,108.94
Punjab,1978,723.8,589.76,22.73,134.04
Punjab,1979,458.7,589.76,-22.22,-131.06
Punjab,1980,655.1,589.76,11.08,65.34
Punjab,1981,521.3,589.76,-11.61,-68.46
Punjab,1982,582.0,589.76,-1.32,-7.76
Punjab,1983,760.1,589.76,28.88,170.34
Punjab,1984,714.0,589.76,21.07,124.24
Punjab,1985,748.8,589.76,26.97,159.04
Punjab,1986,606.0,589.76,2.75,16.24
Punjab,1987,417.5,589.76,-29.21,-172.26
Punjab,1988,1226.2,589.76,107.92,636.44
Punjab,1989,481.9,589.76,-18.29,-107.86
Punjab,1990,769.9,589.76,30.54,180.14
Punjab,1991,491.9,589.76,-16.59,-97.86
Punjab,1992,492.7,589.76,-16.46,-97.06
Punjab,1993,592.1,589.76,0.4,2.34
Punjab,1994,572.4,589.76,-2.94,-17.36
Punjab,1995,869.9,589.76,47.5,280.14
Punjab,1996,604.5,589.76,2.5,14.74
Punjab,1997,719.1,589.76,21.93,129.34
Punjab,1998,639.8,589.76,8.48,50.04
Punjab,1999,392.5,589.76,-33.45,-197.26
Punjab,2000,420.7,589.76,-28.67,-169.06
Punjab,2001,471.4,589.76,-20.07,-118.36
Punjab,2002,271.4,589.76,-53.98,-318.36
Punjab,2003,439.8,589.76,-25.43,-149.96
Punjab,2004,371.0,589.76,-37.09,-218.76
Punjab,2005,561.3,589.76,-4.83,-28.46
Punjab,2006,600.5,589.76,1.82,10.74
Punjab,2007,507.2,589.76,-14.0,-82.56
Punjab,2008,650.7,589.76,10.33,60.94
Punjab,2009,377.2,589.76,-36.04,-212.56
Punjab,2010,446.2,589.76,-24.34,-143.56
Punjab,2011,648.9,589.76,10.03,59.14
Punjab,2012,432.6,589.76,-26.65,-157.16
Punjab,2013,726.0,589.76,23.1,136.24
Punjab,2014,441.2,589.76,-25.19,-148.56
Punjab,2015,724.8,589.76,22.9,135.04
Punjab,2016,454.5,589.76,-22.93,-135.26
Punjab,2017,509.5,589.76,-13.61,-80.26
Punjab,2018,649.8,589.76,10.18,60.04
Punjab,2019,664.4,589.76,12.66,74.64
Punjab,2020,585.4,589.76,-0.74,-4.36
Punjab,2021,534.4,589.76,-9.39,-55.36
Punjab,2022,573.2,589.76,-2.81,-16.56
Punjab,2023,599.2,589.76,1.6,9.44
Punjab,2024,391.5,589.76,-33.62,-198.26
Rajasthan,1950,512.5,487.91,5.04,24.59
Rajasthan,1951,271.4,487.91,-44.37,-216.51
Rajasthan,1952,489.85,487.91,0.4,1.94
Rajasthan,1953,460.70000000000005,487.91,-5.58,-27.21
Rajasthan,1954,458.25,487.91,-6.08,-29.66
Rajasthan,1955,617.7,487.91,26.6,129.79
Rajasthan,1956,652.3,487.91,33.69,164.39
Rajasthan,1957,464.5,487.91,-4.8,-23.41
Rajasthan,1958,503.25,487.91,3.14,15.34
Rajasthan,1959,560.8,487.91,14.94,72.89
Rajasthan,1960,404.25,487.91,-17.15,-83.66
Rajasthan,1961,641.8,487.91,31.54,153.89
Rajasthan,1962,432.9,487.91,-11.27,-55.01
Rajasthan,1963,375.85,487.91,-22.97,-112.06
Rajasthan,1964,491.75,487.91,0.79,3.84
Rajasthan,1965,321.0,487.91,-34.21,-166.91
Rajasthan,1966,363.4,487.91,-25.52,-124.51
Rajasthan,1967,549.55,487.91,12.63,61.64
Rajasthan,1968,332.15,487.91,-31.92,-155.76
Rajasthan,1969,378.35,487.91,-22.45,-109.56
Rajasthan,1970,541.6,487.91,11.0,53.69
Rajasthan,1971,520.9,487.91,6.76,32.99
Rajasthan,1972,322.95000000000005,487.91,-33.81,-164.96
Rajasthan,1973,706.7,487.91,44.84,218.79
Rajasthan,1974,391.2,487.91,-19.82,-96.71
Rajasthan,1975,725.8,487.91,48.76,237.89
Rajasthan,1976,622.6,487.91,27.61,134.69
Rajasthan,1977,637.45,487.91,30.65,149.54
Rajasthan,1978,553.25,487.91,13.39,65.34
Rajasthan,1979,411.79999999999995,487.91,-15.6,-76.11
Rajasthan,1980,393.1,487.91,-19.43,-94.81
Rajasthan,1981,430.85,487.91,-11.69,-57.06
Rajasthan,1982,483.85,487.91,-0.83,-4.06
Rajasthan,1983,632.75,487.91,29.69,144.84
Rajasthan,1984,383.25,487.91,-21.45,-104.66
Rajasthan,1985,387.95000000000005,487.91,-20.49,-99.96
Rajasthan,1986,397.04999999999995,487.91,-18.62,-90.86
Rajasthan,1987,289.15,487.91,-40.74,-198.76
Rajasthan,1988,460.4,487.91,-5.64,-27.51
Rajasthan,1989,379.65,487.91,-22.19,-108.26
Rajasthan,1990,611.7,487.91,25.37,123.79
Rajasthan,1991,379.15,487.91,-22.29,-108.76
Rajasthan,1992,568.1,487.91,16.44,80.19
Rajasthan,1993,445.20000000000005,487.91,-8.75,-42.71
Rajasthan,1994,627.05,487.91,28.52,139.14
Rajasthan,1995,560.5,487.91,14.88,72.59
Rajasthan,1996,640.3,487.91,31.23,152.39
Rajasthan,1997,575.2,487.91,17.89,87.29
Rajasthan,1998,484.70000000000005,487.91,-0.66,-3.21
Rajasthan,1999,375.4,487.91,-23.06,-112.51
Rajasthan,2000,339.75,487.91,-30.37,-148.16
Rajasthan,2001,456.7,487.91,-6.4,-31.21
Rajasthan,2002,193.6,487.91,-60.32,-294.31
Rajasthan,2003,499.25,487.91,2.32,11.34
Rajasthan,2004,397.65,487.91,-18.5,-90.26
Rajasthan,2005,415.95000000000005,487.91,-14.75,-71.96
Rajasthan,2006,545.95,487.91,11.9,58.04
Rajasthan,2007,438.4,487.91,-10.15,-49.51
Rajasthan,2008,484.5,487.91,-0.7,-3.41
Rajasthan,2009,305.95,487.91,-37.29,-181.96
Rajasthan,2010,586.95,487.91,20.3,99.04
Rajasthan,2011,612.5,487.91,25.54,124.59
Rajasthan,2012,508.35,487.91,4.19,20.44
Rajasthan,2013,645.05,487.91,32.21,157.14
Rajasthan,2014,509.75,487.91,4.48,21.84
Rajasthan,2015,551.15,487.91,12.96,63.24
Rajasthan,2016,598.1500000000001,487.91,22.59,110.24
Rajasthan,2017,497.85,487.91,2.04,9.94
Rajasthan,2018,419.84999999999997,487.91,-13.95,-68.06
Rajasthan,2019,688.5999999999999,487.91,41.13,200.69
Rajasthan,2020,520.6,487.91,6.7,32.69
Rajasthan,2021,608.65,487.91,24.75,120.74
Rajasthan,2022,685.0,487.91,40.39,197.09
Rajasthan,2023,644.4000000000001,487.91,32.07,156.49
Rajasthan,2024,735.4000000000001,487.91,50.72,247.49
"Tamil Nadu, Puducherry and Karaikal",1950,743.9,946.47,-21.4,-202.57
"Tamil Nadu, Puducherry and Karaikal",1951,853.3,946.47,-9.84,-93.17
"Tamil Nadu, Puducherry and Karaikal",1952,712.6,946.47,-24.71,-233.87
"Tamil Nadu, Puducherry and Karaikal",1953,963.4,946.47,1.79,16.93
"Tamil Nadu, Puducherry and Karaikal",1954,1014.0,946.47,7.13,67.53
"Tamil Nadu, Puducherry and Karaikal",1955,1058.6,946.47,11.85,112.13
"Tamil Nadu, Puducherry and Karaikal",1956,988.0,946.47,4.39,41.53
"Tamil Nadu, Puducherry and Karaikal",1957,857.2,946.47,-9.43,-89.27
"Tamil Nadu, Puducherry and Karaikal",1958,845.4,946.47,-10.68,-101.07
"Tamil Nadu, Puducherry and Karaikal",1959,876.7,946.47,-7.37,-69.77
"Tamil Nadu, Puducherry and Karaikal",1960,1015.9,946.47,7.34,69.43
"Tamil Nadu, Puducherry and Karaikal",1961,901.8,946.47,-4.72,-44.67
"Tamil Nadu, Puducherry and Karaikal",1962,935.4,946.47,-1.17,-11.07
"Tamil Nadu, Puducherry and Karaikal",1963,1078.7,946.47,13.97,132.23
"Tamil Nadu, Puducherry and Karaikal",1964,905.6,946.47,-4.32,-40.87
"Tamil Nadu, Puducherry and Karaikal",1965,924.7,946.47,-2.3,-21.77
"Tamil Nadu, Puducherry and Karaikal",1966,1176.4,946.47,24.29,229.93
"Tamil Nadu, Puducherry and Karaikal",1967,903.9,946.47,-4.5,-42.57
"Tamil Nadu, Puducherry and Karaikal",1968,784.4,946.47,-17.12,-162.07
"Tamil Nadu, Puducherry and Karaikal",1969,964.8,946.47,1.94,18.33
"Tamil Nadu, Puducherry and Karaikal",1970,949.7,946.47,0.34,3.23
"Tamil Nadu, Puducherry and Karaikal",1971,1045.5,946.47,10.46,99.03
"Tamil Nadu, Puducherry and Karaikal",1972,1092.7,946.47,15.45,146.23
"Tamil Nadu, Puducherry and Karaikal",1973,865.3,946.47,-8.58,-81.17
"Tamil Nadu, Puducherry and Karaikal",1974,650.0,946.47,-31.32,-296.47
"Tamil Nadu, Puducherry and Karaikal",1975,920.1,946.47,-2.79,-26.37
"Tamil Nadu, Puducherry and Karaikal",1976,866.6,946.47,-8.44,-79.87
"Tamil Nadu, Puducherry and Karaikal",1977,1249.3,946.47,32.0,302.83
"Tamil Nadu, Puducherry and Karaikal",1978,1002.3,946.47,5.9,55.83
"Tamil Nadu, Puducherry and Karaikal",1979,1086.7,946.47,14.82,140.23
"Tamil Nadu, Puducherry and Karaikal",1980,690.5,946.47,-27.04,-255.97
"Tamil Nadu, Puducherry and Karaikal",1981,1031.0,946.47,8.93,84.53
"Tamil Nadu, Puducherry and Karaikal",1982,675.4,946.47,-28.64,-271.07
"Tamil Nadu, Puducherry and Karaikal",1983,1003.9,946.47,6.07,57.43
"Tamil Nadu, Puducherry and Karaikal",1984,1013.9,946.47,7.12,67.43
"Tamil Nadu, Puducherry and Karaikal",1985,1044.5,946.47,10.36,98.03
"Tamil Nadu, Puducherry and Karaikal",1986,910.1,946.47,-3.84,-36.37
"Tamil Nadu, Puducherry and Karaikal",1987,952.3,946.47,0.62,5.83
"Tamil Nadu, Puducherry and Karaikal",1988,822.6,946.47,-13.09,-123.87
"Tamil Nadu, Puducherry and Karaikal",1989,843.4,946.47,-10.89,-103.07
"Tamil Nadu, Puducherry and Karaikal",1990,896.1,946.47,-5.32,-50.37
"Tamil Nadu, Puducherry and Karaikal",1991,952.2,946.47,0.61,5.73
"Tamil Nadu, Puducherry and Karaikal",1992,917.3,946.47,-3.08,-29.17
"Tamil Nadu, Puducherry and Karaikal",1993,1083.2,946.47,14.45,136.73
"Tamil Nadu, Puducherry and Karaikal",1994,896.5,946.47,-5.28,-49.97
"Tamil Nadu, Puducherry and Karaikal",1995,843.1,946.47,-10.92,-103.37
"Tamil Nadu, Puducherry and Karaikal",1996,1075.7,946.47,13.65,129.23
"Tamil Nadu, Puducherry and Karaikal",1997,965.7,946.47,2.03,19.23
"Tamil Nadu, Puducherry and Karaikal",1998,1048.0,946.47,10.73,101.53
"Tamil Nadu, Puducherry and Karaikal",1999,900.3,946.47,-4.88,-46.17
"Tamil Nadu, Puducherry and Karaikal",2000,963.7,946.47,1.82,17.23
"Tamil Nadu, Puducherry and Karaikal",2001,487.9,946.47,-48.45,-458.57
"Tamil Nadu, Puducherry and Karaikal",2002,376.6,946.47,-60.21,-569.87
"Tamil Nadu, Puducherry and Karaikal",2003,393.9,946.47,-58.38,-552.57
"Tamil Nadu, Puducherry and Karaikal",2004,911.2,946.47,-3.73,-35.27
"Tamil Nadu, Puducherry and Karaikal",2005,1317.4,946.47,39.19,370.93
"Tamil Nadu, Puducherry and Karaikal",2006,930.2,946.47,-1.72,-16.27
"Tamil Nadu, Puducherry and Karaikal",2007,1046.3,946.47,10.55,99.83
"Tamil Nadu, Puducherry and Karaikal",2008,1173.5,946.47,23.99,227.03
"Tamil Nadu, Puducherry and Karaikal",2009,908.2,946.47,-4.04,-38.27
"Tamil Nadu, Puducherry and Karaikal",2010,1157.6,946.47,22.31,211.13
"Tamil Nadu, Puducherry and Karaikal",2011,1048.5,946.47,10.78,102.03
"Tamil Nadu, Puducherry and Karaikal",2012,715.9,946.47,-24.36,-230.57
"Tamil Nadu, Puducherry and Karaikal",2013,765.5,946.47,-19.12,-180.97
"Tamil Nadu, Puducherry and Karaikal",2014,900.7,946.47,-4.84,-45.77
"Tamil Nadu, Puducherry and Karaikal",2015,1215.5,946.47,28.42,269.03
"Tamil Nadu, Puducherry and Karaikal",2016,524.4,946.47,-44.59,-422.07
"Tamil Nadu, Puducherry and Karaikal",2017,960.4,946.47,1.47,13.93
"Tamil Nadu, Puducherry and Karaikal",2018,791.0,946.47,-16.43,-155.47
"Tamil Nadu, Puducherry and Karaikal",2019,897.6,946.47,-5.16,-48.87
"Tamil Nadu, Puducherry and Karaikal",2020,988.5,946.47,4.44,42.03
"Tamil Nadu, Puducherry and Karaikal",2021,1382.2,946.47,46.04,435.73
"Tamil Nadu, Puducherry and Karaikal",2022,1131.0,946.47,19.5,184.53
"Tamil Nadu, Puducherry and Karaikal",2023,1036.5,946.47,9.51,90.03
"Tamil Nadu, Puducherry and Karaikal",2024,1174.7,946.47,24.11,228.23
Telangana,1950,806.2,932.15,-13.51,-125.95
Telangana,1951,882.4,932.15,-5.34,-49.75
Telangana,1952,721.8,932.15,-22.57,-210.35
Telangana,1953,1124.7,932.15,20.66,192.55
Telangana,1954,907.7,932.15,-2.62,-24.45
Telangana,1955,1155.8,932.15,23.99,223.65
Telangana,1956,1160.6,932.15,24.51,228.45
Telangana,1957,901.2,932.15,-3.32,-30.95
Telangana,1958,1065.1,932.15,14.26,132.95
Telangana,1959,1095.2,932.15,17.49,163.05
Telangana,1960,766.1,932.15,-17.81,-166.05
Telangana,1961,1067.7,932.15,14.54,135.55
Telangana,1962,1085.1,932.15,16.41,152.95
Telangana,1963,974.6,932.15,4.55,42.45
Telangana,1964,893.0,932.15,-4.2,-39.15
Telangana,1965,767.7,932.15,-17.64,-164.45
Telangana,1966,837.1,932.15,-10.2,-95.05
Telangana,1967,864.7,932.15,-7.24,-67.45
Telangana,1968,700.1,932.15,-24.89,-232.05
Telangana,1969,936.8,932.15,0.5,4.65
Telangana,1970,950.3,932.15,1.95,18.15
Telangana,1971,669.6,932.15,-28.17,-262.55
Telangana,1972,604.1,932.15,-35.19,-328.05
Telangana,1973,962.2,932.15,3.22,30.05
Telangana,1974,837.4,932.15,-10.16,-94.75
Telangana,1975,1131.5,932.15,21.39,199.35
Telangana,1976,930.0,932.15,-0.23,-2.15
Telangana,1977,788.2,932.15,-15.44,-143.95
Telangana,1978,1220.0,932.15,30.88,287.85
Telangana,1979,786.5,932.15,-15.63,-145.65
Telangana,1980,806.9,932.15,-13.44,-125.25
Telangana,1981,1062.0,932.15,13.93,129.85
Telangana,1982,888.0,932.15,-4.74,-44.15
Telangana,1983,1348.4,932.15,44.65,416.25
Telangana,1984,683.9,932.15,-26.63,-248.25
Telangana,1985,747.0,932.15,-19.86,-185.15
Telangana,1986,861.2,932.15,-7.61,-70.95
Telangana,1987,905.3,932.15,-2.88,-26.85
Telangana,1988,1280.7,932.15,37.39,348.55
Telangana,1989,1138.9,932.15,22.18,206.75
Telangana,1990,1281.5,932.15,37.48,349.35
Telangana,1991,858.0,932.15,-7.95,-74.15
Telangana,1992,780.4,932.15,-16.28,-151.75
Telangana,1993,823.5,932.15,-11.66,-108.65
Telangana,1994,884.3,932.15,-5.13,-47.85
Telangana,1995,1122.2,932.15,20.39,190.05
Telangana,1996,928.7,932.15,-0.37,-3.45
Telangana,1997,807.2,932.15,-13.4,-124.95
Telangana,1998,986.7,932.15,5.85,54.55
Telangana,1999,772.4,932.15,-17.14,-159.75
Telangana,2000,991.6,932.15,6.38,59.45
Telangana,2001,835.6,932.15,-10.36,-96.55
Telangana,2002,690.6,932.15,-25.91,-241.55
Telangana,2003,871.0,932.15,-6.56,-61.15
Telangana,2004,675.5,932.15,-27.53,-256.65
Telangana,2005,1111.0,932.15,19.19,178.85
Telangana,2006,942.9,932.15,1.15,10.75
Telangana,2007,820.4,932.15,-11.99,-111.75
Telangana,2008,952.3,932.15,2.16,20.15
Telangana,2009,651.7,932.15,-30.09,-280.45
Telangana,2010,1173.2,932.15,25.86,241.05
Telangana,2011,684.4,932.15,-26.58,-247.75
Telangana,2012,922.4,932.15,-1.05,-9.75
Telangana,2013,1259.8,932.15,35.15,327.65
Telangana,2014,748.5,932.15,-19.7,-183.65
Telangana,2015,,932.15,,
Telangana,2016,1053.5,932.15,13.02,121.35
Telangana,2017,802.2,932.15,-13.94,-129.95
Telangana,2018,834.7,932.15,-10.45,-97.45
Telangana,2019,1018.2,932.15,9.23,86.05
Telangana,2020,1350.5,932.15,44.88,418.35
Telangana,2021,1208.6,932.15,29.66,276.45
Telangana,2022,1270.6,932.15,36.31,338.45
Telangana,2023,1058.7,932.15,13.58,126.55
Telangana,2024,1113.5,932.15,19.46,181.35
Uttar Pradesh,1950,894.85,898.42,-0.4,-3.57
Uttar Pradesh,1951,738.3,898.42,-17.82,-160.12
Uttar Pradesh,1952,904.3,898.42,0.65,5.88
Uttar Pradesh,1953,1012.5500000000001,898.42,12.7,114.13
Uttar Pradesh,1954,921.3,898.42,2.55,22.88
Uttar Pradesh,1955,1245.6999999999998,898.42,38.65,347.28
Uttar Pradesh,1956,1159.65,898.42,29.08,261.23
Uttar Pradesh,1957,977.65,898.42,8.82,79.23
Uttar Pradesh,1958,1087.45,898.42,21.04,189.03
Uttar Pradesh,1959,815.75,898.42,-9.2,-82.67
Uttar Pradesh,1960,1146.2,898.42,27.58,247.78
Uttar Pradesh,1961,1204.65,898.42,34.09,306.23
Uttar Pradesh,1962,934.4000000000001,898.42,4.0,35.98
Uttar Pradesh,1963,962.95,898.42,7.18,64.53
Uttar Pradesh,1964,1018.7,898.42,13.39,120.28
Uttar Pradesh,1965,682.25,898.42,-24.06,-216.17
Uttar Pradesh,1966,732.2,898.42,-18.5,-166.22
Uttar Pradesh,1967,1094.0,898.42,21.77,195.58
Uttar Pradesh,1968,769.5,898.42,-14.35,-128.92
Uttar Pradesh,1969,955.4000000000001,898.42,6.34,56.98
Uttar Pradesh,1970,1000.75,898.42,11.39,102.33
Uttar Pradesh,1971,1168.35,898.42,30.04,269.93
Uttar Pradesh,1972,638.8,898.42,-28.9,-259.62
Uttar Pradesh,1973,885.15,898.42,-1.48,-13.27
Uttar Pradesh,1974,776.8,898.42,-13.54,-121.62
Uttar Pradesh,1975,1109.1,898.42,23.45,210.68
Uttar Pradesh,1976,791.8,898.42,-11.87,-106.62
Uttar Pradesh,1977,958.6,898.42,6.7,60.18
Uttar Pradesh,1978,1181.5,898.42,31.51,283.08
Uttar Pradesh,1979,628.95,898.42,-29.99,-269.47
Uttar Pradesh,1980,1231.4,898.42,37.06,332.98
Uttar Pradesh,1981,924.45,898.42,2.9,26.03
Uttar Pradesh,1982,1047.75,898.42,16.62,149.33
Uttar Pradesh,1983,1183.0,898.42,31.68,284.58
Uttar Pradesh,1984,933.3,898.42,3.88,34.88
Uttar Pradesh,1985,1063.7,898.42,18.4,165.28
Uttar Pradesh,1986,833.8499999999999,898.42,-7.19,-64.57
Uttar Pradesh,1987,641.9,898.42,-28.55,-256.52
Uttar Pradesh,1988,1061.1999999999998,898.42,18.12,162.78
Uttar Pradesh,1989,813.1,898.42,-9.5,-85.32
Uttar Pradesh,1990,1030.55,898.42,14.71,132.13
Uttar Pradesh,1991,814.05,898.42,-9.39,-84.37
Uttar Pradesh,1992,823.95,898.42,-8.29,-74.47
Uttar Pradesh,1993,812.8,898.42,-9.53,-85.62
Uttar Pradesh,1994,866.8,898.42,-3.52,-31.62
Uttar Pradesh,1995,861.75,898.42,-4.08,-36.67
Uttar Pradesh,1996,981.1500000000001,898.42,9.21,82.73
Uttar Pradesh,1997,484.6,898.42,-46.06,-413.82
Uttar Pradesh,1998,785.3,898.42,-12.59,-113.12
Uttar Pradesh,1999,911.8,898.42,1.49,13.38
Uttar Pradesh,2000,871.4000000000001,898.42,-3.01,-27.02
Uttar Pradesh,2001,831.9,898.42,-7.4,-66.52
Uttar Pradesh,2002,657.25,898.42,-26.84,-241.17
Uttar Pradesh,2003,1078.75,898.42,20.07,180.33
Uttar Pradesh,2004,699.3,898.42,-22.16,-199.12
Uttar Pradesh,2005,748.5,898.42,-16.69,-149.92
Uttar Pradesh,2006,581.4,898.42,-35.29,-317.02
Uttar Pradesh,2007,670.1,898.42,-25.41,-228.32
Uttar Pradesh,2008,935.65,898.42,4.14,37.23
Uttar Pradesh,2009,615.15,898.42,-31.53,-283.27
Uttar Pradesh,2010,781.85,898.42,-12.98,-116.57
Uttar Pradesh,2011,800.3,898.42,-10.92,-98.12
Uttar Pradesh,2012,633.0,898.42,-29.54,-265.42
Uttar Pradesh,2013,984.45,898.42,9.58,86.03
Uttar Pradesh,2014,644.7,898.42,-28.24,-253.72
Uttar Pradesh,2015,593.9000000000001,898.42,-33.9,-304.52
Uttar Pradesh,2016,804.4000000000001,898.42,-10.47,-94.02
Uttar Pradesh,2017,668.25,898.42,-25.62,-230.17
Uttar Pradesh,2018,829.1,898.42,-7.72,-69.32
Uttar Pradesh,2019,815.95,898.42,-9.18,-82.47
Uttar Pradesh,2020,776.9000000000001,898.42,-13.53,-121.52
Uttar Pradesh,2021,919.3,898.42,2.32,20.88
Uttar Pradesh,2022,758.5999999999999,898.42,-15.56,-139.82
Uttar Pradesh,2023,751.1,898.42,-16.4,-147.32
Uttar Pradesh,2024,794.7,898.42,-11.54,-103.72
Uttarakhand,1950,1737.8,1495.85,16.17,241.95
Uttarakhand,1951,1211.2,1495.85,-19.03,-284.65
Uttarakhand,1952,1495.9,1495.85,0.0,0.05
Uttarakhand,1953,1568.4,1495.85,4.85,72.55
Uttarakhand,1954,1872.7,1495.85,25.19,376.85
Uttarakhand,1955,1714.5,1495.85,14.62,218.65
Uttarakhand,1956,1970.5,1495.85,31.73,474.65
Uttarakhand,1957,1776.4,1495.85,18.76,280.55
Uttarakhand,1958,1536.2,1495.85,2.7,40.35
Uttarakhand,1959,1772.9,1495.85,18.52,277.05
Uttarakhand,1960,1562.7,1495.85,4.47,66.85
Uttarakhand,1961,1973.0,1495.85,31.9,477.15
Uttarakhand,1962,1655.4,1495.85,10.67,159.55
Uttarakhand,1963,1790.0,1495.85,19.66,294.15
Uttarakhand,1964,1761.1,1495.85,17.73,265.25
Uttarakhand,1965,1264.4,1495.85,-15.47,-231.45
Uttarakhand,1966,1475.5,1495.85,-1.36,-20.35
Uttarakhand,1967,1576.1,1495.85,5.36,80.25
Uttarakhand,1968,1463.1,1495.85,-2.19,-32.75
Uttarakhand,1969,1734.9,1495.85,15.98,239.05
Uttarakhand,1970,1371.9,1495.85,-8.29,-123.95
Uttarakhand,1971,1935.2,1495.85,29.37,439.35
Uttarakhand,1972,1133.9,1495.85,-24.2,-361.95
Uttarakhand,1973,1333.2,1495.85,-10.87,-162.65
Uttarakhand,1974,1147.9,1495.85,-23.26,-347.95
Uttarakhand,1975,1565.5,1495.85,4.66,69.65
Uttarakhand,1976,1001.8,1495.85,-33.03,-494.05
Uttarakhand,1977,1399.7,1495.85,-6.43,-96.15
Uttarakhand,1978,2007.8,1495.85,34.22,511.95
Uttarakhand,1979,1072.7,1495.85,-28.29,-423.15
Uttarakhand,1980,1359.2,1495.85,-9.14,-136.65
Uttarakhand,1981,1367.2,1495.85,-8.6,-128.65
Uttarakhand,1982,1382.7,1495.85,-7.56,-113.15
Uttarakhand,1983,1525.3,1495.85,1.97,29.45
Uttarakhand,1984,1339.0,1495.85,-10.49,-156.85
Uttarakhand,1985,1661.2,1495.85,11.05,165.35
Uttarakhand,1986,1510.1,1495.85,0.95,14.25
Uttarakhand,1987,997.3,1495.85,-33.33,-498.55
Uttarakhand,1988,1636.5,1495.85,9.4,140.65
Uttarakhand,1989,1313.6,1495.85,-12.18,-182.25
Uttarakhand,1990,1575.3,1495.85,5.31,79.45
Uttarakhand,1991,1020.4,1495.85,-31.78,-475.45
Uttarakhand,1992,1114.7,1495.85,-25.48,-381.15
Uttarakhand,1993,1631.4,1495.85,9.06,135.55
Uttarakhand,1994,1379.7,1495.85,-7.76,-116.15
Uttarakhand,1995,1557.8,1495.85,4.14,61.95
Uttarakhand,1996,1375.9,1495.85,-8.02,-119.95
Uttarakhand,1997,803.6,1495.85,-46.28,-692.25
Uttarakhand,1998,1185.2,1495.85,-20.77,-310.65
Uttarakhand,1999,1177.7,1495.85,-21.27,-318.15
Uttarakhand,2000,1716.3,1495.85,14.74,220.45
Uttarakhand,2001,1530.1,1495.85,2.29,34.25
Uttarakhand,2002,1584.7,1495.85,5.94,88.85
Uttarakhand,2003,1792.8,1495.85,19.85,296.95
Uttarakhand,2004,1271.8,1495.85,-14.98,-224.05
Uttarakhand,2005,1273.9,1495.85,-14.84,-221.95
Uttarakhand,2006,1175.5,1495.85,-21.42,-320.35
Uttarakhand,2007,1927.7,1495.85,28.87,431.85
Uttarakhand,2008,1526.4,1495.85,2.04,30.55
Uttarakhand,2009,1000.1,1495.85,-33.14,-495.75
Uttarakhand,2010,1609.0,1495.85,7.56,113.15
Uttarakhand,2011,1631.6,1495.85,9.08,135.75
Uttarakhand,2012,1258.8,1495.85,-15.85,-237.05
Uttarakhand,2013,1670.3,1495.85,11.66,174.45
Uttarakhand,2014,1219.6,1495.85,-18.47,-276.25
Uttarakhand,2015,1154.6,1495.85,-22.81,-341.25
Uttarakhand,2016,1308.7,1495.85,-12.51,-187.15
Uttarakhand,2017,1476.1,1495.85,-1.32,-19.75
Uttarakhand,2018,1392.3,1495.85,-6.92,-103.55
Uttarakhand,2019,1379.0,1495.85,-7.81,-116.85
Uttarakhand,2020,1373.0,1495.85,-8.21,-122.85
Uttarakhand,2021,1664.5,1495.85,11.27,168.65
Uttarakhand,2022,1517.3,1495.85,1.43,21.45
Uttarakhand,2023,1492.9,1495.85,-0.2,-2.95
Uttarakhand,2024,1486.2,1495.85,-0.65,-9.65
West Bengal,1950,2113.6499999999996,2048.13,3.2,65.52
West Bengal,1951,1825.15,2048.13,-10.89,-222.98
West Bengal,1952,2216.3,2048.13,8.21,168.17
West Bengal,1953,2007.8000000000002,2048.13,-1.97,-40.33
West Bengal,1954,1913.3500000000001,2048.13,-6.58,-134.78
West Bengal,1955,1982.7,2048.13,-3.19,-65.43
West Bengal,1956,2198.3,2048.13,7.33,150.17
West Bengal,1957,1614.3,2048.13,-21.18,-433.83
West Bengal,1958,1862.45,2048.13,-9.07,-185.68
West Bengal,1959,2084.5,2048.13,1.78,36.37
West Bengal,1960,1861.4,2048.13,-9.12,-186.73
West Bengal,1961,1732.5,2048.13,-15.41,-315.63
West Bengal,1962,1795.1,2048.13,-12.35,-253.03
West Bengal,1963,1879.95,2048.13,-8.21,-168.18
West Bengal,1964,2017.7,2048.13,-1.49,-30.43
West Bengal,1965,1926.6999999999998,2048.13,-5.93,-121.43
West Bengal,1966,1766.1,2048.13,-13.77,-282.03
West Bengal,1967,1960.5,2048.13,-4.28,-87.63
West Bengal,1968,2355.25,2048.13,15.0,307.12
West Bengal,1969,1881.9,2048.13,-8.12,-166.23
West Bengal,1970,2137.3500000000004,2048.13,4.36,89.22
West Bengal,1971,2592.75,2048.13,26.59,544.62
West Bengal,1972,1825.1999999999998,2048.13,-10.88,-222.93
West Bengal,1973,2214.6,2048.13,8.13,166.47
West Bengal,1974,2281.45,2048.13,11.39,233.32
West Bengal,1975,1991.0500000000002,2048.13,-2.79,-57.08
West Bengal,1976,1918.6,2048.13,-6.32,-129.53
West Bengal,1977,2288.4,2048.13,11.73,240.27
West Bengal,1978,2049.65,2048.13,0.07,1.52
West Bengal,1979,1762.8000000000002,2048.13,-13.93,-285.33
West Bengal,1980,2320.95,2048.13,13.32,272.82
West Bengal,1981,2400.75,2048.13,17.22,352.62
West Bengal,1982,1665.1000000000001,2048.13,-18.7,-383.03
West Bengal,1983,2136.6,2048.13,4.32,88.47
West Bengal,1984,2317.6499999999996,2048.13,13.16,269.52
West Bengal,1985,2179.65,2048.13,6.42,131.52
West Bengal,1986,2004.25,2048.13,-2.14,-43.88
West Bengal,1987,2343.3500000000004,2048.13,14.41,295.22
West Bengal,1988,2320.2,2048.13,13.28,272.07
West Bengal,1989,2174.0,2048.13,6.15,125.87
West Bengal,1990,2701.35,2048.13,31.89,653.22
West Bengal,1991,2308.65,2048.13,12.72,260.52
West Bengal,1992,1840.8999999999999,2048.13,-10.12,-207.23
West Bengal,1993,2252.8,2048.13,9.99,204.67
West Bengal,1994,1783.25,2048.13,-12.93,-264.88
West Bengal,1995,2632.25,2048.13,28.52,584.12
West Bengal,1996,2140.6,2048.13,4.51,92.47
West Bengal,1997,2074.0,2048.13,1.26,25.87
West Bengal,1998,2549.1000000000004,2048.13,24.46,500.97
West Bengal,1999,2595.75,2048.13,26.74,547.62
West Bengal,2000,2159.85,2048.13,5.45,111.72
West Bengal,2001,2034.4,2048.13,-0.67,-13.73
West Bengal,2002,2036.5,2048.13,-0.57,-11.63
West Bengal,2003,2048.6000000000004,2048.13,0.02,0.47
West Bengal,2004,2055.2,2048.13,0.35,7.07
West Bengal,2005,2132.55,2048.13,4.12,84.42
West Bengal,2006,1916.6,2048.13,-6.42,-131.53
West Bengal,2007,2227.05,2048.13,8.74,178.92
West Bengal,2008,2052.9,2048.13,0.23,4.77
West Bengal,2009,1760.6,2048.13,-14.04,-287.53
West Bengal,2010,1835.9499999999998,2048.13,-10.36,-212.18
West Bengal,2011,2045.8000000000002,2048.13,-0.11,-2.33
West Bengal,2012,1877.3999999999999,2048.13,-8.34,-170.73
West Bengal,2013,2067.1,2048.13,0.93,18.97
West Bengal,2014,1886.5500000000002,2048.13,-7.89,-161.58
West Bengal,2015,2108.1499999999996,2048.13,2.93,60.02
West Bengal,2016,1959.5,2048.13,-4.33,-88.63
West Bengal,2017,2075.85,2048.13,1.35,27.72
West Bengal,2018,1728.65,2048.13,-15.6,-319.48
West Bengal,2019,1944.85,2048.13,-5.04,-103.28
West Bengal,2020,2371.7,2048.13,15.8,323.57
West Bengal,2021,2327.45,2048.13,13.64,279.32
West Bengal,2022,1993.05,2048.13,-2.69,-55.08
West Bengal,2023,1972.8999999999999,2048.13,-3.67,-75.23
West Bengal,2024,2118.35,2048.13,3.43,70.22
